ID,Name
e59b6bf5-1fe9-4d61-9ee0-54041e21e123,Luna Vista Home Healthcare
d399d8df-a660-4868-a072-51f3792a5a5e,Test Ancillary 002
c7cc6389-e15a-468f-bfbc-bc60ac4d4e81,AccentCare Fall River
e72e7a25-4a28-489c-9eb0-fa635769afa6,"Accentcare, formerly Seasons Hospice & Palliative Care Norwood"
674cd114-c2b4-4d33-89d2-5e2bab27ac58,"Access Homecare Services,Inc-Randolph"
9be7cfec-e3be-4a1f-969c-21d81c417e49,Advantage Home Health Care Services
487f61ca-95ed-444b-a638-9bbab3ddcbbd,AG Adult Foster Care
7e086962-c3a1-4653-bcaf-f43a9213c0ae,All At Home Health Care-Allston
5acdd561-ba2b-43b7-a382-8e0dd4d7fccd,Alliance Home Care VNA
a3b932d4-be57-444e-afa4-8782d93be98d,Alphacare Home Health Agency
7db8a02d-48d0-4071-9afa-9d05975994e4,Amedisys Home Health Care Fall River
af45b761-2491-49ab-ad5f-b4baf0ac02e2,Amedisys Home Health Lawrence (4405)
3415226b-8bdf-43d2-bee3-e2bb51c23fb4,Amedisys Home Health Warwick RI 4901
fdb1c334-d346-4317-87be-44bda5f0ccab,Amedisys Home Healthcare Plymouth
95f442a0-f880-4779-8e1c-4e6ae609300e,Canton
49266fff-0a9c-4bae-bf0b-5d4b08e56491,Byram Healthcare-White Plains
c39955e4-a88a-419f-a9e6-a547046af7d8,Marlborough
e3c15b18-3ed0-4f59-8a05-53051c0016d7,Plymouth
1afa9b01-0925-41b7-ab40-9d458772a0fe,Inc-Providence
532ae690-17f2-4fb0-b9ec-e3ef8634f57d,Dartmouth
428cd692-64c8-4155-843c-2c0591ea2d91,Hyannis
30996bc9-fd3f-4f3f-8a10-aa94d27da6de,Beacon Hospice (4903)an Amedisys company-North Kingstown
f92de103-4dc4-4ce6-b337-572678863733,Caretenders-Bourne
41973309-e57a-4a3f-bf3f-4a904264f3a6,Beacon Hospice Care (4424)an Amedisys Company Hyannis
9c7cb647-ff9c-47f8-9050-5acb1bb5380c,"Beacon Hospice Care, an Amedisys Company (4420) Fall River"
6fa082ad-5da9-48e2-9d33-ceecb0ab9971,"Beacon Hospice Care, an Amedisys Company (4902)"
a198264e-ea5c-4b9d-9f97-8be7c64c4f4c,"Brigham Home Care Services, Inc."
a97b3a7e-d0a8-4bfb-a314-beda492f8b22,Bristol Hospice in Fall River
59d7b494-42fa-4ddc-99b5-0716ab1c1441,Broad Reach Hospice & Palliative Care
a48339b0-8aab-4d1d-9fe2-0d4fc25018ed,BROCKTON HOME HEALTH CARE AGENCY
706b1d34-d8ac-4411-9ab2-7cc3edb31fea,Brockton Visiting Nurse Association
d28b1023-491b-4dac-ab15-aad1fe60c0cf,Brookdale Home Health Rhode Island(Nurse on call)
836a8f89-a4fc-44bc-ae6f-a0b23061b309,B01 BOSTON HH
456c2787-20b2-46c8-9ddb-9b7983889027,Caretenders-Braintree
f494398f-a961-499e-911e-cd41c0df6ee0,Caretenders-North Andover
8df5657a-b292-4a50-9b22-de3e1506f7ae,Caring Hospice Services of Massachusetts
cbb7bc48-bba8-4e97-8b9a-5845d87ad9b7,"Cedar Home Health, LLC"
8e929076-0196-404c-9a77-f18baa9b0aa3,Central Home Health Care
2b31fa38-c822-4679-a9e5-c2a7ea1ee782,CharterCare Home Health Services
8b25cb70-0e38-44bc-be2a-50b65843ee81,COMFORT HOME CARE LLC-METHUEN
bee5dc3b-581a-4fa8-bbbc-eb7f3cf839be,Compassionate Care Hospice-Taunton
1690b3ed-f617-4d87-933c-880e204aea83,"Concord Health Services,Inc"
f1e61ec9-20dc-4d9b-9cd1-753298b801d5,Continuum Care Hospice-West Warwick
888932e0-c6e5-405f-b91a-e18438696a3d,Continuum Care Hospice-Woburn
12ca0f5f-b3ee-4ad8-9165-1b7bc2ce1958,Continuum Care of Mass LLC-Fall River
1530cd38-6284-4f78-b071-98af6a8756c2,Continuum Care of Rhode Island
2e515d32-c181-47d5-8c48-ad4865930845,Continuum Hospice Cape Cod Hyannis
af39c088-e061-442b-a2c9-679a056bbf42,Convenient Homecare Services Inc.
5f73d8ff-9bed-4f52-a706-c452576ba612,"Cultured Care,Inc."
d404757d-5027-45d2-a235-24a1fe763c9a,Dartmouth HH
deaa5064-364c-4469-9593-e55784b53e1c,Elara Caring - Worcester
92cbe443-4b00-4cf9-84af-e0b63068a98f,Elmwood Home Care
3d73a62b-b707-42b0-b414-09905b524a53,Enhabit - Riverside
f4389483-4f06-48a4-b068-e2f5f6cc7de1,Enhabit OF NEW ENGLAND - (SPR)
f9e2996d-22f3-48ca-b502-fdd32df2705e,Enhabit OF NEW ENGLAND - NORWOOD
92dd35fd-50de-4972-b9fa-9f724140de71,Fairhaven HH&H
e6ccf179-9457-44c6-9a87-0596b02edd14,Faith and Family Hospice
e2a2405b-c94a-4b1e-8d75-c58760d797b0,Fall River Hospice
bf1eeba6-7d24-4202-b2e9-509a7bc97043,Fox Rehabilitation Cherry Hill
095c3864-c2d4-47f7-9ed3-8ae41068c6c8,Pinnacle Home Care Warwick
957a81c6-ad65-4117-8cd0-5f0d15400563,Gentive Hospice Sandwich
194395e8-ec95-4d7b-b0f1-acfd12a49fdf,Pathways Healthcare-Westwood
fd6f0892-1f71-4340-baac-e9285d5f605a,"Pivot Point Homecare Services, LLC"
ed39cf5d-68f7-451f-8e65-28333a7400a0,Presidential Home Health Care LLC
0f46ebbe-720c-4abb-8809-892864387620,Guardian Home Health Care LLC - West Bridgewater
54eb7fd3-a0d3-451f-9d05-ba83cb1eda67,H02 VNACARE HOSPICE WOBURN
80317e02-2a33-4e80-bb6c-986587f10a65,Harmony Hospice Warwick
972ba900-0cb2-4481-8c32-2176078840f5,HEBREW SENIOR LIFE HOME HEALTH CARE
fc9ea985-275a-4966-a630-df6643aa697a,Hope Hospice and Palliative Care-RI
85b53e47-76ec-4ab5-962f-ebd70f462891,Kindred At Home-Fall River
70710259-b0be-4fdf-bd5d-bfbc604323a6,Kindred At Home-Sandwich
a2be8c38-e026-4d73-97b3-58038439f429,Kindred Hospice-Fall River
063c5807-2cb7-4556-8f66-09e887abce94,Kindred Hospice-Warwick
8e5e2233-2cd1-4627-b359-7884b9a4a4cd,Lahey Health at Home -Beverly
912ddba1-9d30-4d9f-b774-b670f431d536,Lincare Cataumet
7b2697d9-158d-4d83-8232-4b300b536ab4,Lincare-Fall River
6c564c10-1aa3-4b62-a0af-535566c55933,Mass General Brigham Home Care - Newton
9bf2991d-7891-4f9f-84d5-f452937f3976,Maya Home Health Care
0be1784d-8d5d-46e1-86b1-01989e103de2,National Seating and Mobility - Franklin
be9b513f-2ded-4e51-9540-f6e552d2c431,New England Homecare Solutions. Inc
b2d6c486-d448-45bc-91ac-8e3e898a1620,Nightingale Visiting Nurses-Taunton
191b161e-e825-453f-ac5b-18e0337ed21c,Auburn
4d157797-37cb-427a-95b6-f750cf49c087,Farmingham
65433497-b97a-4fe5-8da4-29f8f016a8f1,Harvard
bdc62fc1-fa35-468f-84e7-676245c83bef,Lawrence
23756fbd-e6e1-40b7-a974-2fb31ce13d37,Somerville
d598757a-87c6-4192-bcde-ff8d6e0b91ad,Fall River
9835ac2d-8bc0-4e82-942d-cbee16b49224,Stoughton
4064a228-4bb6-4060-9f17-5d3d26cc9f8f,"Nursing Placement Home health Care Services,Inc-Pawtucket"
4e77b84b-540a-4f65-a43b-3e1a777b4ce5,Nursing Placement Hospice and Palliative Care-Pawtucket
c7757f3e-060a-4aa1-89aa-d07372c240c8,NVNA and Hospice
f6f38b90-f2cd-4cad-b7d7-af2a85ebd65c,Old Colony Hospice & Palliative Care
635eb32f-66cd-470d-b7ad-9097835c43ac,Omega Home Care System Inc
3be380e4-f960-414b-9514-252f4633e517,Radiance Home Health Care Chicopee
5c1cb92d-c64c-41be-900b-9b8b42d0f39f,RegalCare
46cdd5a9-637e-48be-a546-9236122fd6a4,Relief Home Health Services
f48bbe8c-01e7-4879-b4d0-3fbc624ccb60,Saint Elizabeth at Home Corp DBA Cathleen Naughton Associates
72ce21a0-76a2-4049-aea4-7a6809beab0d,Select Physical Therapy CONCORD
d96e6e83-c516-4c85-b8a5-11c56df7a07c,South County Home Health
877ce5ac-9d19-4fca-a3b4-cfcf5358eea0,South Shore Hospital - South Shore VNA
370583e3-01c8-477e-8b6d-d3537a10c767,Southcoast VNA – Community Office (Fairhaven)
df83af15-cf0f-4c41-b778-1c87ecbcf243,Southcoast VNA – Community Office (Fall River)
af014536-5f5b-4694-985f-1200d0ab3744,Standards Home Care-Beverly
91fa78dd-e10c-4495-9109-a36c821523e7,Stoughton Public Health & VNA
86b38f57-777e-4a1a-856b-bd6d71488aeb,SUBURBAN HOME HEALTH CARE INC
c73617d5-dec0-47c2-a980-48267c2dc78a,T and N Reliable Nursing Care
2b3cc854-5fef-4fb5-8b5b-cb2007eb6210,"Tides Hospice,LLC"
ee00f065-de27-49d9-bcd8-27b4c172d818,TridentCare Horsham
789827aa-ed2c-4384-9091-5e755b20d5b5,visiting nurse home portsmouth
60f50f86-bf47-42f5-b4f0-aa4e0a1d67ed,Visiting Nurse Hospice-Portsmouth
33d6fa67-c763-4217-87dc-6e4f577e7878,Visiting Rehab & Nursing Services
b2bdf51d-4318-4d25-a4f2-652d58ebb30e,VNA of Cape Cod-Hyannis
c217ce66-4656-40d1-b499-410948dba939,WALPOLE AREA VISITING NURSE ASSOCIATION
b0cb1a6d-af9a-439d-b07a-657d718d1ae4,AccentCare - Westwood
aecbcbd9-d799-47a3-8500-6b69bf79864d,We Care 365 AFC
191e925a-1b68-44f1-903a-5a95fa076111,V01 WORCESTER HH
119546fe-025d-4454-b432-5dd5c8025e4d,V05 NEEDHAM HH
b8e3df08-331c-424e-a130-11f63b29ffbe,Visiting Nurse Home -Portsmouth
f718b847-4bcb-4893-a509-65fb4fb1e9c5,TRADITIONS HEALTH CARE OF CHECOTAH
df2675a9-19d5-4524-8ab9-5a069b2de33c,TRADITIONS HEALTH CARE OF EUFAULA
3bc10b10-abcd-4f15-a5c7-24cbf6082d00,TRADITIONS HEALTH CARE OF MORRIS
7fb4df09-d4db-4af9-8173-6093d1b3a87a,TRADITIONS HEALTH CARE OF WARNER
9b3c9eaf-0d01-4af4-8b5e-16fce7ad2298,Traditions Home Care Inc - Porum
855558a6-6c86-4065-a530-233af33f2dc6,"Traditions Home Care, Mcalester"
14083736-02b1-4218-87d1-29900146b987,"Traditions Home Care, SEMINOLE"
d7df1c20-5c88-4b81-93cb-88b1c7c0dba5,"A Path of Care Home Health II, INC Muskogee"
3c3c66a3-0bff-43ae-a8e6-3ebe0982cca5,Access Health Team
877da9af-2d9d-4a00-84cb-68ee682d46b0,Allied Home Health Wagoner
7478d6e3-7e60-4ab7-a0c9-6d3b8e1f3f8c,Amedisys Home Health-Tulsa
9df3cb26-5fba-4794-986d-f207d94f6c1a,Angels Care Home Health of East Ok - Muskogee
30023795-ddeb-49d2-8be1-a4de945ad468,Angels Care Home Health of East Ok - Pryor
63845a72-903e-4bcf-9833-7e40b5d28b08,Angels Care Home Health of East Ok - Tahlequah
97f67f26-cb1c-41e4-aa99-051ca685946d,"New Hope Home Health Nursing, LLC Henryetta"
cbc3b184-cd4f-4609-82ec-0e61e894a398,Oklahoma Healthcare Solutions Muskogee
d060918b-c15d-43e2-8a62-cb6eaf6bf3d2,OLDHAM HOME CARE
9d5b2f26-023d-4e55-827e-750a56a0ae55,RESTORE HOME HEALTHCARE OF OKLAHOMA MUSKOGEE
29c0c1f3-50ba-43b7-99af-b0c34b134626,SAL- Enhabit OF EASTERN OKLAHOMA
9f2a176c-f217-44da-91b8-aecb05c6a004,MUS - Enhabit OF EASTERN OKLAHOMA
448e9be3-5f2f-468e-9728-89654c41a991,"Millennium Home Health Care, Inc.-Tulsa"
7aea5b1a-4c39-4253-ae30-6c607c092494,Mays Housecall Home Health Wagoner
189fecee-04b2-4d2a-b739-2deeedabb004,"Holistic Home Care Home Health,LLC"
6f16a935-e7d5-44d6-8969-723d02f9ec19,Complete Home Health of Stigler
16e817a0-fda2-4f3f-8aa1-a2849d2b971e,Elara Caring - Sallisaw
9fbe554f-2465-40ff-8c7b-78177918b9e0,"GCN Health Care, INC. dba Secure Home Care"
7eec6e65-504f-42dc-adbc-0c4ea171b064,HealthCare Innovations Private Services-Tulsa
22754cb9-43cb-45cb-8f04-5a2405c5dd03,"Adventia Healthcare Associates, INC"
9fcc4d1f-c791-4240-9ed1-fd7c4fbfdbcb,Completecare Home Health Llc-San Antonio
39a6db4c-06e8-4ba0-892d-cd0a37ca2a4c,Capitol Home Health-San Antonio
54e67dc6-d881-47d4-95b4-3d888a22fc21,Caring Professional Health Services Inc-Houston
55dc731d-9441-4df3-878c-249b526929c2,Theracare Home Health-San antonio
9448c7c1-e687-402a-a7be-f309fee9974f,HomeFirst Home Heath Nashville
812e5222-8f2b-4b07-8eba-bff2317e6386,"PINARD HOME HEALTH, INC."
91d0f704-6ba3-46a8-a285-1eeb2e890c34,Crest Medical Home Health
c02c7d41-85c4-43f6-963c-450f85ce8fc6,Home care providers of texas dallas
14bea7a8-35ec-4a56-9bbb-ecf3a11ec0ab,Christus home health san antonio
7e6549f0-51f6-4a17-b0c8-59bcb368ff75,klarus home care san antonio
1318362d-9f00-47b9-bb9d-bf687065730f,"Perpetual Home Health, LLC"
35bfa486-7b40-4af7-89d3-c59f2e70621b,"Caring Professional Home Health Services, Inc-Stafford"
5576f09f-7f27-497f-85ca-0ebcdef6d2cc,"COMPREHENSIVE HOME HEALTH, INC."
6b4b0692-39a4-44c0-92b3-d288461e7099,H14-Enhabit of San Antonio
db443aa4-5307-4611-b692-d6aaa95ab983,AHC Home Health and Hospice of Las Vegas
76f910e0-7dc9-413d-81d0-fac07a378c6e,PREFERRED HOME HOME HEALTH
fda6c086-0726-464d-b01c-d4c026696681,Maxim Healthcare Colorado Spring
6809a367-1c44-4949-9416-993ba1604d0d,TeamSelect Home Care-Colorado Springs
09227f59-7c4f-4b98-bc25-52d251757634,"Inspiration Home Health Care, LLC"
9fd4e931-9278-41d4-a9cb-55f5dc799a25,Cardinal Physical Therapy
07175c1c-2885-47a8-9ed7-2df402d112b4,"Super Health Care,Inc"
248232b2-fbdf-43f6-afd3-08c501e2df24,INTEGRITY HOME HEALTH INC
7ce9301e-16e6-4061-a4fc-47d257b88974,Namaste Home Health
114dbcac-9b92-4d60-8d0d-cc47ccd5e140,Optimal Home Care Inc.
b18f2626-29d4-47a6-bbbd-5174da09a5a5,Frontier Home Health
9fbe1800-a270-4601-aac4-edc6341da645,Caretenders Cleveland
81c62e8f-bed0-46ef-acb1-479242cbc858,"Banner Home Care, Gilbert-East valley"
069a3f0d-5619-4d3c-8566-43369035829d,Eagletail Health Care LLC
56103223-1725-4dc7-9142-57fee71f0db9,CYPRESS HOSPICE LLC
6bb8b4de-0364-4903-9fc6-b6684ec7c5dd,CenterWell Home Health-Colorado Springs
af2480ec-69ed-4cc4-8ef3-e37527885ad5,Pivot Home Health
18bb12ee-89bb-4c68-ae97-1c662394ae7f,Advanced Home Health & Hospice Mayfield Heights
14e6e417-9ccf-4ab2-92e0-e01a945e9abc,Enhanced Homecare of Medina Inc
65846f75-60ae-43f1-a587-5ce4078954f1,"MAHDI HOME HEALTH CARE,INC"
4089f76d-790f-4862-85f9-aabb99d7bd37,Enhanced Rehabilitation Services
6a47abe3-3c7d-44f4-96ce-452ad3397596,Always Best Care Cleveland South
4c6d4997-dcb4-47eb-a142-f20c47278be4,First Choice Home Health CLEVELAND
12817ab8-0bac-4aa9-9ce0-c0892ded31e0,Maestro Connection Health System Lawrence
d8f0b191-4a84-4bca-add0-ea1562d66765,Vital Care of San Antonio
2296a4de-bd2e-4985-bc44-5cf6954f2c8e,Mkare Management Inc
7ff6a325-b0af-4987-b7ea-b7e583566ed6,Methodist Healthcare at Home
8a9ad37d-8b9a-4c49-9478-013495b230cc,BETTER LIFE AT HOME LLC
3fa1d3f9-728f-4e8d-8da4-fc84f44931bc,Caretenders-Needham
423502a3-09de-4fbf-bed3-23182831e8fd,"TRC HOME HEALTH SERVICES, LLC"
5d258b48-4896-4a50-a819-33bf7596955e,Essy Homecare & Nursing Services Inc.
b055f781-b064-4e45-8b6e-4c726363cd8f,Guardian Healthcare San Antonio
9ba95709-80d7-4eb6-96ef-d1402942bc9a,Caring Bees Healthcare
22610038-8973-4bbf-a9d1-a942d16b4778,Genesis Eldercare Kennett Square
d7ddc0cf-60b0-45df-abc5-991b0dba3745,Harmony Hospice Care LLC
8c3142d4-922c-4ae7-bf48-6fa4016cdad5,"PRIME HOME HEALTH, LLC"
f34405b3-6fde-44f4-ab1b-ae3f89fae910,Capitol Home Health-San Antonio
214a08b7-09af-4a05-8b61-724bf07f1d96,Alternative Methuen
6027febb-05a1-41d5-a3eb-a22c8af11b37,Upham's Home Health Care
8fdd259c-09c4-43f5-b371-cf67e74a48f9,Altranais Home Care LLC ​Worcester
95072487-9b0c-47c3-81fd-3b7527c6f6d7,San Antonio Home Health
e866a000-d2c4-4cc8-a3f3-60ecd7927458,Avenue Homecare Services Inc
3f6cfad4-a6c3-446c-b5c6-1bd66a1a6651,"St. Mark Home Health Care, LLC"
27303e1c-5433-4207-8433-8180640173a0,Centerwell Home Health-San Antonio
d7793d36-57ee-447e-a4ea-066d3a90dae3,PLS – Elite Home Health
2b000513-ed31-49d0-9fbc-b12c09ffdb56,Green Apple Home Health
57a0bcf7-35ed-40b0-9bad-6d5e4f3c76a6,Soft Touch Home Care
eeed5350-db9d-4712-8f34-faaea5bfbfbb,Visiting Nurse Association of Florida Stuart
09b42ad4-3606-4e25-ae84-ca5040b5af45,American Nursing Care Inc
41d09058-8f8e-4ec9-b54b-ddbb2d76f06c,American Mercy Home Care
63edbb82-4775-4d1e-83a4-325f27c629d2,Superior Home Health Services of San Antonio
bc0bd364-cdde-4c35-8ee8-47aa7864a34c,Pinnacle Home Care Inc (Pasco)
8949dfea-3712-4d87-bf31-1121fca50a8b,Boston Home Health Aides
bc18ee7b-ae92-46a2-a30e-3855ff0b3af4,Urgent Care Home Health Inc.
1a0abbe1-adf1-4f65-a7ff-258fa4ebf5be,PAM Health at Home San Antonio
123f02a9-c8cb-47c8-b19f-af26e19e384f,Once Upon A Time
07381743-027c-415d-a593-a399db92f870,Concierge Home Care Port St. Lucie
92113c2c-d7ea-457c-a6b2-e5a6e577f35d,"Adaptive Health Services, LLC"
3417948f-ddd9-4815-889b-2d507ec10758,Home Nursing Home Health
84c2bdb3-6c6e-4e69-950d-8653e34c1310,Trilogy Home Healthcare – Port St. Lucie
68d5d316-fae3-4b7e-bada-2653bc719649,Home Nursing And Therapy Services
6f035be3-0896-489d-a814-05e914871022,MAXIM HEALTHCARE SERVICES INC.
43095136-26ea-4c85-a571-9a5bc7018c1b,A Passionate Helping Hand Home Health Care LLC
a5b1827b-2c0d-4852-9313-e7e7c7a18011,Texas Health Care Solutions-San Antonio
206cba3b-6953-44e5-9751-a7700a6d7520,Aadi Home Health and Hospice
89060878-2551-40d1-8092-2cc3cf6c196c,Ability Home Health
93dd51b2-3761-4ad0-adf2-ed618740c5d4,"Secure Home Health Care, Inc."
370d7e2b-4b11-4578-a587-fb8b05be6595,BRMC Home Care -Brownfield
5af4b36a-7f97-4ef6-9baf-fef16e15f60e,Acme Health Services Inc
6ce05b0b-e40e-421d-9d49-fd1a27c50e5f,Advocates Home Health Care LLC
8c35af20-7e44-401d-a26e-8dc1bd4dbda2,Professional Medical Homecare LLC
dd196263-b1e3-412c-8e4e-02dba33d4735,Independent At Home LLC
73da6b15-47ac-4fe7-8cd8-495b4e8f7bf3,Blissful Healthcare
d01908a6-75dc-4fb0-9efc-4e31aabfef79,Interim Hospice Brownfield
5c3ac9ff-bdb2-4eaf-bbf4-2267c5a61ad0,"Adaptive Hospice, Inc.-Jeffersonville"
c2d1b0ba-f01f-419b-9966-bc9e31a59990,Interim Healthcare-Levelland
348dcb5f-f44d-4dc7-9623-715eae135b29,VNA Indian River County Office
353eb99c-e955-48a4-ad30-0658883c5d2f,Nurse On Call Port St. Lucie
871020cc-f54a-4ac6-b4d9-6000239b0115,A Visiting Redi-Nurse - Port St. Lucie
cf338048-8167-4c6b-8f31-2ab8d682302d,CVS caremark
0045f33d-e12a-4073-a8dd-f63ed6846f90,Apple Soft Home Care Services LLC
f8a244b0-4101-489c-85a4-0f0fc476ba7c,Cardinal Hospice
11cf1680-6ed2-4844-9d30-e8470e98c766,Choice Homecare and Hospice
e5bc5f00-b7c0-4f60-bde0-013f02bb3dec,Altomar Home Healthcare
19622d26-f029-487e-9ad2-66098362efaa,"UNITY HOMECARE, LLC-EL PASO"
5e344c28-67c1-4089-afa2-2abf24ca1197,Visiting Nurse Association of Texas
5243df74-8896-4400-bc29-715cf7d1c9d1,Tender Heart Home Health
327aaa82-49a3-414a-b25f-8b90874425a5,"Axis Home Healthcare, Inc"
113b0a7e-2878-454e-9a59-ff0c11967bf4,Bayada Home Health Care-Cuyahoga Falls
9e038167-65ea-495e-92ff-a3cc843c3799,Cadre Hospice Seven Hills
aa27db10-566e-4d31-a908-7a9d898bf346,"New Era Home Healthcare Services, Inc."
1ca2e205-fef2-4ea1-bf11-efd9a858d39a,ABLE HOME CARE L.L.C.
0e2cfb29-574e-4c25-abd0-b50ddd1b0efd,Tender Care Home Health-El Paso
bb478c25-f0b9-4bfc-9cb7-2fa267b5d03a,Revive Home Care Inc
06cd5456-9ff3-417d-9407-08f71146d251,Homecare Dimensions Inc-San Antonio
46e37bae-f1e3-4a27-bbd7-7d20c10b9378,Desert Star Home Health
03463e2c-9703-497d-b196-01fc85dae162,"Home Health VNA, Inc.-Lawrence"
a74caf70-1ed0-4126-8f7b-f848e5b442fa,Quality Home Care Services Inc
b08faf86-d73e-41ea-9be3-585cb76960eb,TLC Home Healthcare Services Inc-El Paso
e6714d93-1714-4543-ab61-c1a79ba90baf,Patience Home Health Care-San Antonio
1844147f-28c1-4fcd-89c5-49a051c086de,Touchstone Home Health
fe876cb3-e66a-4c48-8961-769105e94d96,"Sun City Home Care, Inc."
3238c704-d061-4c6d-97c6-f0568df6f0b8,BETTER LIFE AT HOME LLC.
ab2d051b-5295-4fe6-8bbc-e01bb7b40d84,Sunrise Home Health Services-Rockwall
98bd63e6-f598-4031-9aeb-c4d3da018e9f,"HORIZON HOME CARE, LLC - Tewksbury"
ddebe3b0-ca9d-483d-a23e-63c0e10b8eed,American Medical Home Health Services-San Antonio
439f4259-d83c-4940-80ad-d03c3b8afccc,VINE HOMECARE & STAFFING
42d6a8fb-bf26-4160-896b-1af24e3251ad,Texas Home Health Skilled Services LP-San Antonio
76106dc6-3283-4fe5-85b9-585b67771350,Royal Comfort Home Care
10addee2-71d1-4f77-a2bb-30a9780c80aa,"Integrity Home Care Solutions,LLC-Tewksbury"
185a26db-dfd4-4aa8-a27a-46c6f02ce1d9,"Del Cielo Home Care Service, Corpus Christi."
2c41bb0d-cac2-407b-95bd-5e7d943820e4,Quality Life Adult Day Services
3d04feac-b337-42bc-84d2-62f8b46e45ee,"Halcyon Home, LLC"
9c3ee298-a069-48f6-974a-e07cc38f9891,"Tennessee Quality Care, Clarksville"
eed9eab6-1be7-47ab-8f24-bed4470ee848,Homeland Home Health Agency Inc.
cebfa995-6eda-4000-b977-9ff30a22955a,Amedisys Home Health Care (0546) Clarksville
f26a0437-04bc-452b-960f-ed69f9779aea,Lifeline Home Health Care Springfield
ceb21eb2-f14a-4361-91cc-b40d6e8777f4,RMG Primary Care - Southbridge
89c5c1e5-4309-4177-a479-ca330391f012,Middlesex Healthcare Service
db686bfb-1193-419c-89e3-ccce5dae5031,Advanced Home Health Services San Antonio
e8da20c5-3429-43d6-b725-35be88118cb6,BEYOND HEALTHCARE AGENCY LLC - ANDOVER
510cd95b-f928-437e-942b-a6f6d26615ba,Loved Ones Care
890b0153-772e-4bc3-a31d-50a9021518f4,DFW Home Health - Fort Worth
de485578-ae5e-4dc1-87f9-2b9cfc7104ff,"Quality Care AFC, Inc"
824c8a02-6a51-4321-b80a-686b5315aba0,"EZ Healthcare of Boston Group, Inc."
1abd2fdb-8154-4e96-8f20-97bf553059e2,"Vitra Health, Inc."
48331dfa-5fb3-48db-99dc-a489237881b5,Loyal Homecare Services LLC
cd8e8add-0ae9-4efa-b612-96aa30f55cfd,Provista Healthcare
c123ecc4-9320-4a4b-9134-6c34bed3aeec,Oasis Adult Day Health Lawrence
ef0da7e9-1fb9-4de1-bc66-b7710754aef7,Advocate Homecare
71dd60bc-7c34-4449-b900-9bbe9067f4c1,Professional Home Health Care Euless
4c7ba8a3-145f-4048-9e4a-f14a67d031df,"Nonotuck Resource Associates,Inc. Lowell"
2dc3be17-827b-420e-8db0-2e1484ebbd30,Maxim Healthcare Services Inc - Brentwood
58304adc-e8af-4c7e-9125-00d122009700,Heralds Home Health
63b037c6-c990-4cde-b21d-78548062baea,The Healthcare Resort of Plano
2454ee6b-6ff9-49fb-a841-27aa76ab758f,"Healthnet Home Care Services, Inc."
4df5117c-2944-4486-aee4-d7f427301424,"CareWorks Home Health Services, Inc."
fc5738c2-4ccb-48b6-9827-b7c0b2aebd28,All Care Professional Home Health Inc.
5a5ce52a-b635-404e-955a-79c567492ef0,Elara Caring - Newton
8b75ba8f-7357-45f6-98b2-4cc0da9aece4,"Texas Physical Therapy Services Of Burleson, Llc"
a34509c8-46d5-4ae0-8a6f-8d008307b5b8,Beneficence Home Healthcare Inc.
ab2c7f35-4ad3-4871-b298-a1c7b1d3c088,Sevita Health dba Cape Verdean Adult Day Health
3f6fb154-fb22-4153-a1da-79c117bb1b06,SIERRA HOME HEALTH CARE SERVICES INC
6e9932be-db4d-4a8c-a738-2574e7af98dd,"Synergy Care Southeast, LLC"
536c1b7d-2d48-4ecb-894f-53662a879d56,Guardian Angels At Home Care Inc
73a58f96-6f53-4925-8b5c-3f1ae202d302,"Patients Best Choice Home Healthcare, Inc."
84f20703-c326-4829-babb-5d82f134fb75,Iris Medical Group
05a49899-ece4-4efe-8521-5a8131ca3a6f,Charlin Home Health
1156cae8-b200-48d6-8445-e25f67ec97c9,Abundant Home Health
67f336be-61ba-4f61-b5c5-155dd5d4e082,Bio Home Health Services Inc
3ec99d0b-2a08-4b4b-b6c6-38d91192bca9,HealthPRO-Heritage Parma
1ba98026-3ae6-4c70-b3a4-84c19fe9d1ff,"Select Rehab, Inc.-The Preserve at Spring Creek Garland"
f7ea89f4-2eca-4e7c-9098-8af7a19eaf0d,TheraCare Home Health – Houston(Stafford)
7bb4c7e0-7d5c-448c-ad9d-23bb08762db0,Heartland Hospice of Cleveland
87e90890-3294-4bd0-8831-750a72d4e148,"Helping You Home Health Care, LLC"
db0db41c-afb8-40e6-b57b-d688576e95eb,H-TOWN HEALTHCARE
5b6669ff-0368-4316-8a47-1cfba376dd1a,Aegis Group Practice also known as Aegis Therapies Macedonia Aegis Therapies Homecare
10931246-48b4-4ecf-81c7-cfde5b4b50f4,"Prime Care Home Health, Inc."
6d0257be-e97e-43d8-b257-a3d0aa533a33,Star Home Health Inc.
252b3107-15fc-42da-b1ba-5032fd442ffa,Nys Home Health LLC Homecare
2e5a992c-7fbd-4db3-a212-7d7b105cf988,Holy Family Hospice & Home Care
2a189d6a-1dfc-418f-90c2-e8472ec5acc6,Lorian Health Inc of Las Vegas
5689a1b8-c3be-4da9-af10-5d9c4f459764,Jewish Family Services Association of Cleveland
2d45705d-b7b5-480b-bcfc-f81a68598711,AccentCare Wharton 135
32365b21-5499-4668-980a-a8d6d996267c,Hospice of the Western Reserve - Cleveland
7b817b14-db47-45e4-9396-846ddbcb0837,Nursing Services and Consultants of Laredo
5003fd5d-bbbe-451d-97b6-8153227f3f9d,Accolade Home Care
c7e685e7-84e6-465d-ae2d-8797a0d0d623,Perspective Home Health
77b46781-0bf0-4a69-818d-f2a3bd11553e,A Better Homecare
ad4d3fc8-3140-47d0-9db4-b4adfce887d8,Kindred Hospice-INDEPENDENCE(OH)
b8e6b395-8e96-44de-95a6-423b6502523e,NHC HomeCare Springfield
8989d828-15fa-4156-a4b3-3561b8f04145,Legacy Healthcare Services Inc Mayfield Heights
566d97dd-4589-40f0-b5f2-508cd0eb9793,"M&Y Care, LLC."
0243eb36-5db7-4581-a10b-e02897e04dbb,Miracle City Hospice
e8c5aad1-1396-4b50-a716-eea1a78bdf12,"Sahara Home Health Care,Inc. DBA ONECARE HOME HEALTH CARE, LLC"
7bd1cdcb-9e7f-464e-87bc-b4a70c6a2096,"Nationwide Health Care, LLC"
5e08ee27-d38f-4233-aace-5f86b30fd47c,Aveanna Healthcare –Media
370a6590-f3e6-4e5a-9632-a63f94fea060,Dynamic Home Health Care
7c083589-e345-4800-80e8-b4dafdd31182,"Adoration Home Health – Madison, TN"
d0bb18ae-ab04-43c1-89a1-7934b6b9b936,Care Options for Kids
965d927b-a541-4d17-b6b1-f4258dcf4361,Guardian Homecare of Nashville DBA AccentCare Clarksville
7cd192ce-f6f6-417b-9138-7eb48c07bd46,"Tennessee Quality Care, Paris,TN"
80299ca1-31c6-43f0-aed3-d4c426754aed,PRIMARY HOMECARE SPECIALTIES
ac28e928-3926-40fe-8474-3873c84f3ba6,"A Better Life Homecare, LLC-Springfield"
424a15a6-a93b-4741-854b-639dae60aeaa,Clay County Home Health Care Henrietta
a6fc9934-fa50-43df-b0ee-de2e5173d56c,"A Plus Medical Group, Inc"
3f27a13e-ae7e-4703-8ebc-1e22b7aed42e,"A Quality Home Care, Inc"
2e50cdfc-8247-43fa-8206-79d55abe2800,Abbey Rd. Home Care Services Inc
1da44dc2-b79b-4638-b34f-e2657d370cf8,NBR – CHRISTUS HomeCare
a9315b34-f747-45ef-98d0-bb3384a11bbf,Paragon Infusion care-San Antonio
f580f4a0-31e3-4d13-87ee-1f1e68a38428,Numotion Mobility -Brooklyn Heights
755a98f2-a8ef-4eb1-92ad-fde5cd3f8477,"PHHC, LLC(Personal Home Healthcare and Hospice)"
6322d2a8-858a-4d8b-88b0-e69d161e6ddf,Platinum Home Health Services
950d766c-9048-47e6-aa8b-7892f4c5bce2,Suncrest Hospice Independence
b8fed89a-9569-4422-bb9f-75c75c7725e5,Visiting Nurse Association of Ohio
caedbf9b-5f28-4fab-a623-6d0eec21dfff,Traditions Health/Harborlight Hospice - Highland Heights
71bcc5ef-248d-49ec-9b90-6923ad4fe097,"Accucare, Inc. Lowell"
239ff2f5-473d-448f-9ab8-083b3b3027b4,Numotion Mobility –Brooklyn Heights
df3b273f-4447-45a6-be8d-4787effac5da,"Tennessee Quality Care, Parsons"
6d7ef62f-5678-4109-9dfc-105398f4cc92,Interim Healthcare New Braunfels
809b55de-169f-4ea6-ac2f-3995de61584f,Active Day of Lowell
0e1a0ee3-dd08-4b24-8e4c-81ce8d80db38,"Corpus Christi Home Care, Inc.-Corpus Christi"
da10ddf3-fd24-45d4-806d-e3b21f63e62b,"Tennessee Quality Care, Lebanon"
e96f0cfa-18f0-4eff-8e4f-6012f0ca0e3e,"Adapthealth Patient Care Solution Beaver,PA"
e0509fa8-d6be-4815-b672-bee8982b025c,"Angel Bright Home Health, Inc."
3909cc97-ceeb-4512-bb82-2ec1b53cca93,SunCrest Home Health – Clarksville
8ee074e9-f73f-40eb-aa51-eac5c0c8778e,AFFABLE ADULT FOSTER CARE LLC
fc806474-1368-420e-8587-58e7368db9b4,AgeSpan
b0b04d9a-a71d-4ebf-99c3-56ed91826d2b,ALL CARE VNA
7109a19c-2878-4e65-92dd-5514f49bfb2e,Progressive Home Care-El Paso
0b5eaa1c-460c-4f4c-9fdd-e7da40af0c7f,Advanced Healthcare
9b7ccc82-859d-4439-bdae-164e9f764776,Just Care Home Health
9bc2d460-20cc-4c3c-afeb-b304c267c98e,New Age Hospice El Paso TX
a10229c7-e330-4367-85a4-b8059b5c32f9,Clover Health LLC
6768ccc3-9d2d-4548-80d0-205d06d34b28,Elara Caring - Arlington
63c21f7b-6fcd-46d6-bbbc-5c985fd7aee5,Guardian Healthcare Fort Worth
71b22b68-35a9-48e8-9bfc-7c6c28f69533,Legacy Healthcare Services Mansfield
a464cd0f-2d5b-469f-93c0-70941b946157,Amore Home Health Care LLC
f6371350-bc67-4b16-b711-90cc9f34eec6,"At Home Senior Care, Inc -Newton"
02dcc7e0-c4f6-42e1-a451-b353171a49d3,Atlantic Home Health LLC
dbbbfafa-4b18-4203-a97c-1617fea15c35,Aveanna HealthCare- WALTHAM
7d430269-4d58-4008-8e1f-8d5c329f24d0,"Best Home Health Care, Inc- Needham Heights"
7dc063fa-e151-469a-a3f0-0612d92927bf,Beth Israel Lahey Health
6e3029b5-a6a7-4dde-acb8-27f4badc11a3,Boston Home Care
76721158-7dba-438f-a0c6-ed2a969d8c80,Braden Home Health Care Services LLC
e3772429-9d8f-4adb-affe-47c95ee3cc31,"Cape Verdean Adult Day Health,Inc"
adb91be9-b214-48eb-8d5d-27b4379f423d,"Capuano Home Health Care,Inc."
8c2f16e2-830c-4b98-b996-1085e496c40d,Careforth Indianapolis
187af9ed-9ad3-4a36-b477-b96bbb12605b,Careforth Auburn
a1de5bc0-2655-4494-8748-3f74bd2fd3f5,CARING HEARTS HOMECARE INC
fe76f530-7e57-43e2-bf1f-87bc0fa5a286,"Center for Living & Working, Inc."
286f9fdb-8d2b-4a0c-85a8-1433f0db1b74,Century Homecare Worcester
cce704f7-8bcd-433e-af6f-584d40bd9bff,Chelmsford Health care Services
fa1a2c9b-f25b-42d7-bdc6-6fb0f80115a6,Home Medical Products Dickson TN
c3d56e3c-c1d0-4934-aa5b-e732612ecb63,"Commonwealth Clinical Services, Inc."
25a3c918-a22b-4e34-85f1-e475545c239c,Amedisys Home Health - Dickson
db325027-a5fc-49dc-8208-4ce6137129c7,"Adoration Home Health – Brentwood, Tennessee"
4ee6d1ee-56ed-4041-9b6b-2a423e2065c1,Hygeia Medical Supplies And Services
a4c36901-1436-480f-aba5-4ae72808f3dd,Restoring Function Home Health Care LLC
72180c42-96da-402b-8821-970bc86ec468,Alliance Home Health Services Inc. - Indianapolis
484fee3d-c0e3-40e9-8b6c-02249c3ab424,"Varco Home Health, LLC Irving"
e065abe1-a3b3-4c58-a447-05b830fec5b2,Affinity Care of Indiana
d04bec63-1e4f-45c1-b2ee-b3ffa5bf28ab,"Neuhaus Foot & Ankle Smyrna,TN"
1b25b1a5-a901-43bf-a32f-b80ecf0ce6e2,Allegiance Home Health Agency
a69f83e8-142c-4409-a60e-821db5053de9,Elara Caring - Oklahoma City
db7a534c-b9bc-4b60-8e93-af69b4891c23,Alpha Hospice DBA Anew Hospice
1adff66b-c49b-4452-b0fa-9f0195f61ca9,Enhabit - CORPUS CHRISTI
386dc4d8-6a4d-4e90-91cf-0eb655bcfbbc,"Legacy Home Health Agency, Inc.Corpus Christi"
3461c2f7-9063-4c18-80e3-1e38a82835b7,Aging & Active Home Health
bfcc661f-5017-44fd-b832-bcdd8f4cd3d9,Neuhaus Foot & Ankle (formerly Schussler Footcare Centers
02ebb300-e973-4ed7-97e9-f3f27ae4b422,All For You Home Health Care LLC
c20366e9-6a6b-42d7-a692-1b173c4ae93c,Mi Familia Home Health
e881366d-3eae-495e-aa42-01d0fcc0a911,Best Choice Home Care - Indianapolis
f03c732a-5765-4e72-859b-2144a502ed01,Central Home Health Services Inc
98c7407d-0f4f-4ab4-bac9-7cf37aab0cc1,Glenwood Home Health Services
7778df41-934a-4db0-a990-8edc6cfae888,Angels Care Home Health Decatur
f29bcb1c-a33d-4e26-8ae8-175d46dd1eb3,All Star Home Health Services Inc
a8337384-19ce-4c36-912d-ae5e00cff724,Jubilee Care at Home Health Care Services
4d687691-a4a7-4028-aeea-546da98fc4ea,"SILOE HOMEHEALTH & INFUSION, L.L.C"
45e14b99-f784-4ee5-9af1-da5cb3417b88,"Grace Home Health,Inc."
e92673a9-7e5f-42a2-9ffd-2d089f28ef30,Careplus Health Services Inc.
fb122b5b-6846-4127-a011-5048cf933192,"Best Choice Home Healthcare, LLC"
93b5fd2b-7e9d-47f3-aab4-110e2c7397e5,Choice 4 U Home Healthcare
d803f2e4-5345-4cb9-9247-5de1f56a5192,A DOSE OF CARE HOME HEALTH
567a9101-6fdd-460b-ba58-8244a34ca662,Clover Home Health Care
a18e4fcf-09e8-444a-9984-89bff9483dc9,Brighton Hospice Indiana LLC
292369b8-ef25-4bac-9d80-0059e0ef2d04,Brookdale Home Health
654fbfc1-9be8-4105-aee1-e00543e09c91,AUS - Enhabit OF AUSTIN DBA AUSTIN HOME HEALTH
cea68664-2ad4-46f3-8d65-5ebab6f260b3,PrimeSTAR Home Health
8a6a8e44-72ca-4924-8479-549fab5411b1,Community Health at Home - Indianapolis
a009cc54-1ad2-41df-85b3-67d9be4efa70,TruCare Home Health
66a23f41-7f74-499b-b5d7-04dafdf2cc72,"Brookdale Hospice, LLC-Indianapolis"
b3384bb7-1017-46bc-9c57-821e311c51c9,TSC – CHRISTUS HomeCare
4c70cce0-3531-4a38-8eee-2f34aefceeba,Brookdale Home Health Indianapolis
8c210e31-6f4b-432a-970f-580d1aee7fda,Ace Medical Services
79b09b35-590e-4fbe-ac27-a86786b5a4a1,Albacare Home Health Services LLC.
fff3feab-c17f-4be4-a89b-dcb68fc93668,"BestCare Home Health, Inc"
c6b6fc27-92e1-4e75-822b-263748d1d00c,Angels Care Home Health - Wichita Falls
80ab73b5-493c-40a0-9a36-fdbf9989d017,Providence Home Care
f25ee128-3d15-4292-a022-ff485fa436ed,Enhabit - WICHITA FALLS
34674f25-0f41-4369-a0a9-6caf5f416f6b,Falls Home Health - Wichita Falls
e500e511-8e77-4ed8-8a95-45af03ba3526,1st Texas Home Health-Wichita Falls
163355ad-a976-418e-a12a-bd93957ac33b,Peabody
003d081f-1526-497a-8a11-bcf87057b476,Cornerstone Healthcare Systems LLC
1f7dd1da-2939-47d2-a598-49b9753d19d1,CENTERWELL HOME HEALTH OF VERNON
b1de6c33-cacb-4c7f-900f-36d1274fa4de,Healing Hands Healthcare
459aa0ce-a3ba-48f9-8ca3-ab8e5ee94005,Peculiar Home Health
f7e735b4-ff66-4c65-9831-94c6e7a01d45,Aviator Home Health
8bc9d109-1d85-4b01-acc3-b5cc9f5aa6d5,High plains senior care-Amarillo
d480da08-be59-40af-a375-541e2f59825f,Alphastar HH
4e88bb02-1d9b-4bdc-966c-7f5519465cfc,Adaptive Home Health
62d0b937-b379-4650-9ef1-710bce0d2cc1,EFE Healthcare Services
f1f7b3b7-c175-48e9-a236-f7e0e71d925b,Passionate Home Health
bb0b165e-7fda-47f2-a06b-6eb3eda35231,Jeftons Home Health
3a6abb6f-87d3-4434-92a5-17c3492d93f4,Crossway Homecare
8990190d-f000-4ec6-99bb-b0869a7d010d,Amcare Pro Home Health
cde58834-f228-4136-ae1a-a5e6a366d4e2,Nurse Care Home Health
37382a7d-9663-49d1-ab63-e4cdb5e067cf,Gateway Home Health & Hospice
9ac9f47e-f27d-49de-a989-8d3c1607c971,ULTIMATE Home Health
147399c6-4cc4-46f0-b689-f66e6229a2c2,Comfort Plus Caregivers
9e1fac60-7e13-40c8-b342-b17c5ddae865,Nourish Home Health
09291295-9c1c-4070-b38a-dbaf01082ced,Melior Home Health
b0ec7b6e-eca0-4dcf-923d-bb11be726204,Better Healthcare Solutions
a90f8e52-5189-4365-b7dc-fc263d7467fb,State Home Health
86fd304b-832d-4f82-bb17-0ef0fadd3356,Guardian Homecare of Nashville DBA Accent Care Dickson
a006d5b4-bfdf-4f34-955d-baf949aaeb5c,Best Shepherd Home Health Care
3987b3a6-893b-45a5-9517-a3ca4b14c313,Argus Home Health Care Pueblo
e0ee1822-6086-4b56-81b2-89eaf827479a,Alphastar Home Health Care
da7d4784-09bc-4251-9f53-6660774ad2a0,Higher Standards Home Health
e5fe3089-58fe-4bf1-a5f4-1c47708f04e8,Gifted Healthcare
5cf280fb-6222-4768-a3e4-85f31e5c1a99,Total Patient Care Home Health Allen
50f44b2f-6ead-4ce6-9697-d60e6ed5da19,FIRST COLORADO HOME HEALTH CARE INC
3f6a814c-b185-469d-acfd-f26ecc9c1e9d,Lucent Home Health
a99e32f5-8277-40ca-9414-6399a36198fc,Amerita Specialty Infusion Services
5d84b987-a7f2-491a-bd03-6d23aeab2d28,Amber Home Health
4e4592a3-1f4e-49a8-9f1f-48e773f49f39,"Western Mass Home Health Services, Inc"
a41174f6-31ff-49ae-9132-101854674641,"PORT HOMECARE SERVICES, INC."
e362a688-ec30-4d0a-bcbc-6030692eb47e,Chosen Home Health services Inc.
359649f1-98bc-4b1d-8d9c-0817da7a303e,APEX HOME CARE-CARROLLTON
3f1179ad-34a7-4ad3-a8df-cde9847b612d,PJW Health Services
36789399-1b2d-48f6-853d-c2573755e89e,EmpowerMe Rehabilitation St. Louis
9922c29b-da8f-4891-a269-ef893c0ad27a,Results Physiotherapy Dickson
2307aeba-1a83-49c7-820d-7389cec1fef6,Glad Home Health
c9c9df56-c351-4d72-9424-78d30f4be650,Platinum Healthcare Corp.
aad408c0-356a-450d-acb6-8b8f1ad0ea20,AlevCare Hospice
2e2e4723-9516-4f49-8765-2925a4586778,Macbon Home Health Inc
65ac57f5-876b-4d50-af08-04c510cae680,Developmental Services of Dickson County
46d66fe8-9b60-4cd4-89ee-c549ca6cdcad,Home Nursing And Therapy Services
eeb96961-aa18-49a9-80f3-3857018aa58b,Bright Home Health
e2e37276-fdde-45d5-a9d3-15d81c822efc,Delta Home Health
75334f3f-894e-4d30-b5c6-cd610db6511d,Kindred At Home
d2585bc5-d075-4a1f-9ca3-e4617beda7a3,ANGEL'S CARE HOME HEALTH
a87e98eb-f9ce-4c6f-a08d-09b84945fe37,Shining Star Home Healthcare Inc.
05a59d33-d2b8-4846-816f-bb0e26355a91,Grace Home Health Eunice
fbf658e9-f581-4ca1-9f10-cbacf5423710,Divine Plus Health
0f36a746-dde7-4444-90bb-d7806ff208ce,"DYNAMIX ADULT DAY CARE SERVICES, LLC. DBA ACUTE"
42b01a80-95e1-4d66-9c35-45651678f794,Caretenders – Westborough
b59a2888-7a45-4225-97b3-5aef28c5a565,International Health Solutions-Springfield
30aa9d94-9a29-4f67-8c27-2ad7ab7efe88,FIRST CALL HOME HEALTH
6a5ef9e3-e40a-4077-8082-5ee01e12b95e,AM-PM Homes Health Services LLC
a8414f6d-7625-4c9a-9527-15f6e9577211,Ebenezer Home Health
2655fb52-f875-4e06-8983-5c41baa64f4b,KEYSTONE HOME HEALTH
c6a85f01-4573-4df9-a747-ca643a5d822f,Aveanna Healthcare - WORCESTER
7ee4e805-7a7b-4edd-91b6-a9cc950d9880,Preferred Transitions Home Health Care
ab8cf9e0-078c-41a0-ade1-1e609d6a6965,Vitalcaring Group
69ca8d2b-4c67-4fca-9307-bfac24a68313,Bandera Tri County Home Health Agency
d8684e06-7b1c-4a8d-bce9-d5c23463113c,Victory Home Care Agency
544157d0-608b-4a4e-9000-21567795be0f,HEALTHPOINT HOMECARE SERVICES LLC
97f712b2-d27c-43bf-b654-750491845894,"Care Hospice Services, LLC"
f4275c41-7a61-4f9f-8f10-ac030f6986c9,American Healthcare AFC LLC
df828668-6e3c-469a-bc57-20542be20b83,"Homecare Dimensions, Inc.-Austin"
37fc9013-e0c2-43bd-a268-8a85503bb1af,Valley Of The Sun Home Healthcare
ccf4d93c-c435-4ffb-b3d1-75f2518c21f1,Care United Home Health Care Agency LLC
4f7bd061-f5a2-433c-82f6-475da734324b,"FairLink Healthcare Systems, LLC"
2a9c511b-14eb-44e3-bb6c-7003c6d4511a,Careforth Indianapolis- dummy
6ba2d733-4690-48d9-9dcc-34641c1e2104,HYGIA HEALTHCARE
bf20638a-ed5e-41ab-9d7b-d09eb738264c,"Caregivers Inc, Indianapolis"
eb11e579-84a2-46f9-9f61-281d0088ff3a,US Home Health Care INC
0f3bfffc-763f-4bcb-a3d2-235a61e08e18,Allied Health Systems LLC
d1123388-254c-4faf-a195-b2728517a9cf,Reliant at Home formerly Bridgeway Health Services Inc
6f7746ee-ba38-49b3-b8e8-97443f701cd7,FELLOWSHIP HEALTH TEAM LLC
521b7be1-57d2-4424-9627-b80b34e9d7b9,Amedisys Home Health of Agawam
a1507a44-fa1c-492a-8132-11cc87c35b7b,TIMELY CARE HOME HEALTH
9ed73a35-f244-47c8-81f6-2096686343ff,Unicare Home Health Services of Tyler
3e3e19ab-3a70-42b2-b41c-b7f7dcabf9a5,Holistat LLC
8a4a50e0-7bf2-4a1b-b1d9-f80df4c08499,"Bridge2Homecare, LLC"
44f03417-5624-4cbb-8ad5-cd6b57268528,"Apple Tree Home Health Services, LLC"
3b0de0f8-8d22-405a-b7e7-bd16f0aa29f5,Hospice Life Care
f1d9018f-fa1f-43af-82f2-072a23b26e76,"APC Home Health Services, Inc Corpus Christi"
c9ab656e-65c3-40ed-a2b5-b4a113040e4a,JG Home Health Care Services LLC DBA Interim HealthCare of Lexington MA
3e56ede3-f2e7-45f6-9d34-7dfe73702fdc,Wichita Home Health Services
d6cfd747-e9ec-46b9-bbd7-e46d2756645e,Seymour Hospital Home Health
93579a54-52c6-4cb0-a2bd-ba9a4a2bf594,Crystal Care Home Health -  Mesquite
df041853-6c67-4aca-9664-443bae785b4f,Excelsure Homes Healthcare LLC
47663ee9-148b-4891-8fc3-36110d1ee3e0,"Santa Fe Health Care, Inc Corpus Christi"
8024332f-072d-4683-8178-d8ee1051601e,Ascension at Home Indianapolis Inc
8a4680ac-4b69-437e-b5f3-a13250015e74,Elara Caring - Bridgeport
9062af44-1333-4c6d-aded-ee2535dad55d,A Caring Heart Nursing Services LLC
fa94238d-e217-49cd-9bdb-a63c6454811f,Gateway Home Health
f7c7bc69-627e-4d3a-aada-faa0fca36924,First Option Home Health
f20af106-35dd-4046-89a1-89723b5974de,AseraCare Hospice
3cf7ccdd-27fe-44c4-966d-277c869827ac,"GENESIS HEALTHCARE, LLC-Lawton"
d9923c44-7034-46fb-af3b-2eeea42bdb09,"First Home Healthcare, LLC"
19c384f1-2f8b-4671-b45b-d4b17488b1b1,Hygia Healthcare
5add2a43-38ee-48f7-8fa0-0b098ef62252,Elara Caring - Byfield
edc2a646-c45f-4988-ba22-e20f298ac17c,"April Skyy Home Health Care, Inc"
a2cd9a20-caf5-4d86-a48a-d6f30642f83b,"Excel Plus Home Health,Inc"
c871b70b-4419-47a3-967a-4b325d091a62,Elara Caring - Des Plaines
bf1eba71-82ff-427b-ad48-b0c8a938862b,"DYNAMIX ADULT DAY CARE SERVICES, LLC."
1aeb6567-57e6-4659-9738-9b131d680c50,Enhabit - PUEBLO
a5859b15-5d84-45f9-8c03-7fec2a3d91af,Aveanna Healthcare - IN
1a2c5519-3658-4b63-b732-ffa50aafe1a5,"GVNA HealthCare, Inc."
8d36f798-1127-47d9-bacb-fa7debd7807f,Overlook Care At Home South
dc1cfa47-a0fa-4e4a-9de2-aa64e7c3af71,Advanced Senior Care Home Health
8b55dd12-9d11-4577-9fda-35fd1890d0d8,Elara Caring
e0df672b-3e77-46ab-8ac3-90b8b2619dfd,Vine Cares
15171a0b-9c3f-414c-adce-d91efea1c3f4,"Pinnacle Home Healthcare Services,Inc-Worcester"
ddb13fc0-1b9b-4cce-86c5-85c5f696d06b,TAPHYS HEALTH SERVICES LLC
159d8560-bb7f-4a30-9693-8c5a8eaf925e,HEALING TOUCH HOMECARE
ef8eab83-8c41-4a2f-8338-89872e601d91,Assist Home Health
618b6577-6eb1-495b-9aac-b083e279f267,The Right Choice Home Care
5e0228d4-6e61-4664-aff3-5b5ae9f15c9e,Amatus Health Care
d475f8ed-99c0-4a00-a6c0-a2162a195c6f,ABBA Adult Day Health
1e2e320f-1c50-41c7-be8a-f0f05b81a0c8,Enhabit - ALLEN
9495b987-c9ec-4229-b304-473a5a70c88a,Elara Caring - Jackson
60aea493-142e-4260-bd30-d013b1aed6a3,"Veritas Home Health, LLC"
d9706e07-72fd-4fdf-ac3a-dd394771396f,Elite Home Rehab and Healthcare
661d584b-5255-4719-926c-469a3c6f1568,Worcester Adult Day Care Center
74bfc2e9-acc4-4692-818f-92c85d2bb2fa,Enlight Hospice
ab89beff-6130-4704-98d4-283b7f2a2f36,SDQ HEALTHCARE SERVICES LLC
c9f89c04-e56b-429a-90f3-7a53898688cf,"First Horizon Home Health Care, LLC"
da10dfff-6487-4649-9c5b-a0421752eaa3,DLS - Enhabit OF GREATER DALLAS
00188a25-82f5-4cb8-bcce-1a98dd8d6806,Family Care ADH
001872c8-4d99-4827-94b6-9fe5f9a605bb,Massbay Adult Foster Care
56e472a3-a95a-4b38-ba4d-a248402af5e9,"NATIONAL NURSING & REHAB ADULT, LLC dba Astella Health San Antonio"
6e78ac8f-62b7-492c-b98f-5b9abe5e5adb,"A and S Home Health Care Inc.,"
dee41129-14e7-4491-aebd-c9842098fce2,First Choice Home Health in Denton
e0f4be14-07c7-4b0a-9ebb-4f5b8bf9188b,Kindred At Home
4098254b-8d52-490d-8376-9d822814bbce,Indiana Home Care Services LLC/Premier Homecare of IN
ddfa8419-af49-49c5-8071-780d261ac102,Individual Support Home Health
38d5ae2b-bc39-49c9-9db1-f315d480bfea,"INTERIM HEALTHCARE OF SE INDIANA, INC."
56fc78d5-9102-4c62-9205-83cc7db7cc2e,Care Quality of El Paso LLC
16bf6e37-2f3a-428c-9cb2-9b88e2d1390c,"ARCA Health VNA, LLC"
970f18d2-580b-4aad-9339-ed105f8d3bb4,V02 LEOMINSTER HH
97bb695a-25d3-4122-b0a4-81899293741e,Wells Health Care
d461482a-fad4-457e-87b9-10e323e15612,MB CARE PLLC
75fd3c45-e4a9-49cf-9f44-7df6b06db74e,Centro -Adult Foster Care
2fc76346-3dca-4bc4-9e1e-ff5e9da9a9ee,Resolution Home Care LLC
596d5a86-ec4f-4851-bead-4e0793a87862,Brite Smilez Cosmetic & Family Dentistry
df701845-4e94-433f-ab62-2870cd9222b5,"Excell Home Care,Inc."
21cb0016-3160-4e30-b85f-c3747e96effc,KEY TO HEALTH HOME CARE INC.
c1dbdfce-c33c-4eea-b050-4fb4783cfbb7,Delhi HomeCare
fd8ab010-ab44-4496-8317-697cfada916f,Bonum Home Health Services
667d52e9-b018-4513-9b6f-90d38f8d9513,Amedisys Home Health Care (1253)Lafayette
9ecf2341-ee23-45d7-9591-42d7d0faf5d4,"Daylight Home Health Services, Inc"
0c494063-e72a-413d-a46e-379e496ed529,"Our Duty Home Health, Inc."
56e4b7eb-7b2e-445e-b8ae-480dba867f5c,Stat Home Health North Monroe
08324ddd-b297-4290-825a-176b9f0c43eb,Us Medtrade Home Healthcare
e5bee495-59a0-41a8-b1fc-883c4906cbb2,United Home Care-Alice
3c985ed2-3958-4bf2-8c4d-76d5b6908928,OREMOS HOME HEALTH CARE
6d2d2400-d535-4064-9977-fbb48b3d34d5,"ER Home Health, Inc."
27240181-24d2-4476-98a3-d334156d76e2,Prestigious Home Health Services Inc - Covina
d6019fc4-27d4-4a6a-9d10-999a7984e10e,"Home Health Integrated Services, Inc."
40abdb4a-db84-4844-b113-d75ea5283ef5,Ideal Home Care Inc-La Verne
a61c08ed-f2c8-48b8-9ae4-735b796c5989,"Advancecare Health Services, LLC"
395fe054-007f-46d7-be6e-8df1fa96cb59,CARING HANDS SKILLED HOME HEALTH
83b023c3-a93b-47f2-98c8-c5734fb7bf73,Pacific Coast Home Health Services
9d8f511a-017a-4344-a33d-5a3236470e89,Cornerstone Home Health-Rockport
51400332-0964-4164-bdb9-3da4d5028620,CARE NET HOME HEALTH INC
e15aa552-8e03-4a9f-a388-46eded6e84a1,CHRISTUS HomeCare Spohn
d3fa99d5-24c8-4741-b43a-cc04dcee74d9,Optimum Home Health Care INC
c0267045-bae6-4134-a860-9a057bc05a0f,"Home Sweet Home Unlimited, Inc"
6ef721bf-04fe-4025-b1fd-1a5617119fa2,"Option Care, Dallas"
78e9ee63-99ac-4866-99db-09cf9831ef11,Incompass Human Services - Chelmsford
7c1eea31-59ea-4cae-8156-b543ad0dc1ef,Palmeira Home Health
ac28beac-dce1-4c00-b958-81743cb3f134,About Kids Home Care
e0a7005b-8ddf-4ee5-afbd-02ff79b36160,Infiniti Home Healthcare
59e07c57-210f-4319-ab04-c7fb2620ed9b,Preferred Home Care
4885aeda-7fb4-460e-87db-258ab838d96b,JOY AT HOME CARE INC
e08ef67a-e070-4070-b1a2-0b5fae3d26ba,SHALOM HOME HEALTH CARE-DENVER
635bc455-3e55-4691-a480-380fce2e19b1,Lakes Region Visiting Nurse Association
a7337b4d-e8d6-484b-8c90-85b372e6d8ed,Legacy Lifecare VNA and Hospice
7a7a82a9-3a09-43b0-a6fe-a6761bd27c25,Professional Home Health And Hospice
3153eeda-10c4-4124-a605-bcf61bc63544,LUMEN CHRISTI HEALTH CARE INC
60e9636e-b353-4b86-a607-c1ae37c14d83,"MARATHON HEALTH SOLUTIONS, LLC"
14b921ba-a447-4550-a121-850c83bac5c2,Metrowest Home Health (4457)an Amedisys Company
b6bd487a-af57-47a4-bf09-7ce8c55cf45c,"Next Step Bionics and Prosthetics, Inc Newton"
ed418107-c68f-4bf0-876d-f27426438da5,OMNI HOME HEALTH AGENCY
e16a4c96-fa5b-4766-9a8e-c2415a0a390a,Mission Health Care Services-Centennial
49797923-5a19-4fa6-b112-5f5cb7484626,Alive Home Health
828b6287-6cc5-44c2-9e9d-3d1c4ad06448,Precision Home Care LLC
2e02cd46-f433-47b9-90a3-aa0f699bb17e,Seven Hills Community Service - Dracut
c673d76b-a0a1-45a8-a43c-c4976491da9f,Kamcare Home Health Services Llc
ae7bf41a-156a-41f9-aa75-15d00e214a38,WASHINGTON HEALTHCARE LLC
c8d94efd-26df-4c56-999d-9c78b352cd92,ALFRED HOME HEALTH
7cfd3076-4568-4334-8212-02207bb003cb,"WEST RIVER CARE, INC."
ee8bae0f-8571-483e-a565-932e32be7e6c,Texas Home Health Services-Arlington
0435b7cb-2119-44c5-9ae8-2d4e2ce45dd6,Advanced Home Health Service-New Braunfels
2c46f10d-1fb1-4e15-b6d7-ff70244c4801,OPTIMUM BASE SERVICE
0524e9df-878f-4ba5-885e-cb1faeac995b,CORINTH HOME HEALTH
2ed4d58a-441a-4739-9abf-550671c84372,Passionate Health Care
d85b6312-46df-4187-81c4-e31fbfe19988,DIVINE EDGE HOME HEALTH
0276f3a5-37b3-4135-b2b1-c6804f24cdf7,1st PRUDENTIAL HH
32091e0c-b030-4c8a-bf55-d4ed97b312ae,CenterWell Home Health Nashville
f63053a4-f184-4407-a4db-bd7d13bbd59d,BREEZE HOME HEALTH
642a3676-5b9e-461d-9821-21d0c3649879,COMPLETE HOME HEALTH CARE LLC-PUEBLO/CANON CITY
65909d43-a98b-4892-b7b1-b52c947c7cef,ALL HEART HOME CARE NASHVILLE
10f6f05c-9ac7-4257-a7ab-453fab81cd6d,Home Care Solutions Nashville
04b2462b-e6fb-4792-a58b-73a007bd3159,Purity Home Health Care
69d68fb5-22a3-4a5f-bba9-79cbf68c6211,Argus Home Health Care-Glendale
5e5f2fa7-c3ee-4a61-aba2-3d51df9c985b,TriStar Healthcare at Home (HCA Healthcare)
73a2a8af-27af-4c19-9cb7-472fcd68be7f,Results Physiotherapy
1b1d6bbb-963d-473e-a148-82bc7b7c83fd,Maxim Healthcare Services Pueblo
e96f0dfc-2de3-4e9f-944c-c80382da7415,A Step Ahead Orthotics and Prosthetics Nashville
6312a207-1e3a-4317-b6b5-644ef2214226,Harmony at Bellevue
06b7ca04-cd21-48a7-9c84-baae79bcd5e0,Maranatha Home Health
61e103ba-2585-4699-8bbd-fe1bc3c0e38c,Ascension St Thomas at Home together with Compassus Nashville
567ca632-d2fb-416a-bf8e-e4b03f86b903,Medsource Health Care
05b59e78-b38f-4f0b-8002-493e654535ff,La Familia Health Inc.
aa48e4f2-033e-4f3e-9459-98aab51935fa,Vanderbilt HC/Option Care IV Services
490d59b7-7cdf-450e-8a10-c9e5b922e867,R T Medical LLC
57cc9e85-c3db-4863-bd74-98fe08e7e43a,Rehab At Home Healthcare Services
f2d114e1-2000-4d99-990b-5fafc029bc2f,DESCANSO HOME HEALTH
fe9c70b8-f6ad-4622-ad02-311236edb094,JCARE HOME HEALTH AGENCY
5f4be162-f777-4cc7-9a6e-de5a6c0572ca,INTERIM HEALTHCARE OF INDIANAPOLIS
d06306ce-4042-4d14-acd5-b4574c4866d8,Pristine Home Health
1006a9e2-6966-4594-8bcc-9d27f7ccd9f3,Amedisys Home Health – Smyrna
5cd742dc-8838-46dc-9f12-27303589e045,Bulow Orthotic and prosthetic solutions Charlotte Nashville
b21a7a03-7170-4f0b-bf6a-a34214d01db6,Reliable Medical – Nashville/Smyrna
e1bbed58-3053-45d3-820f-6461f6953f4c,Intrepid USA Hospice - Indianapolis
eeee93b6-08a4-40ba-b598-173ed7f1bf63,Advanced Physical Therapy & Rehab
39fa2fe7-8e33-40b0-b7af-0e901c65c58f,TriStar StoneCrest Medical Center
c2073297-bf0d-409d-9841-dbd6d569b6b2,Universal Health Services Parent
708fc0c3-bf1d-423d-8c12-99f2c2b8601b,Pristine Home Health
62616727-c194-4cd0-bdb9-0c4728ad9b1b,Joy Health Services LLC
0b4b704b-83fb-4d5c-85bc-1e6376bfc0c9,Renew Home Health
1530f441-9075-471d-affb-110ef91e2a62,Envital Healthcare
d5bfca50-260b-4d34-ba83-3bc0606c45b7,Vanderbilt Home Care Services
fb9d8baf-e597-4a5e-b442-ba560d793d66,Centerwell Home Health Indianapolis
20f0bf28-a7f4-4993-b16d-f22046aac01e,Restorative Care Home Health
a7ed614a-3572-4f8e-a219-8d87d7cdf8d6,CenterWell Home Health – Smyrna
f066c007-1763-48dc-9758-d52a441bf443,MACHRIS HOME HEALTH
7200712e-0940-4aaf-afff-095df1952a24,Agape Home Health
c9e9fbbe-8b7a-4039-9697-e298d723931f,Home Care Solutions – Spring Hill
fcab70f2-926d-4cf6-9ed6-c906406d5c87,Sante Of Chandler-Skilled Nursing & Rehabilitation
19dddee7-1cc5-47e0-b831-57c95deee9c2,ENCOMPASS PREMIER HEALTH CARE
ce82c4b4-a777-4fcf-8185-5fbf4421b817,Vanderbilt Breast Center
0535e154-f300-456b-aa03-077062ed0bdb,DIRECT HOME HEALTH
a4fe2f3a-9b3c-4ad6-8052-3cdd416c6ab7,"Advent Healthcare Services, Inc."
0c52eb83-cfeb-4b14-9951-af621c908884,FeldCare Direct
9dfbb30f-415d-4798-9a09-3b1203548e1f,Keystone Home Health
5940d1ae-8ee3-4c2e-9a92-cc0b76df6a81,Maxim Healthcare Services – Pomona
6689ec8b-0f72-4e44-ba59-58068c2905b3,DFW Home Health - Dallas
9da75ee1-e07d-4aba-9660-de2d6fce4a7a,Select Home Care
d9b8fa2c-5ecc-4c4d-b09c-04dfbcd2a8b3,Elara Caring - Wichita Falls
18394960-02eb-4e1a-a101-0065f2b3ffd8,"Gentle Care, Inc."
90f9e5f0-b8e9-4c5c-ab6e-cca72cd9267d,Brookdale Home Health-Houston
f52d35ca-3ec6-4c55-96d0-4b9b2fc50233,UNITED COMFORT HEALTHCARE
8ba7a542-9772-41e9-bce4-3a700a5f2c1d,Select Home Health
7104fd65-24af-42b6-9148-58cfa857aea4,AQUINAI HOME HEALTH
bc5d6090-db54-4494-86cb-a61e16c00ae5,Spectrum Home Health Services
8ce9562d-da28-4adf-804e-c8d62cac31e6,"TAYLOR HOME HEALTH, INC"
42b15cfc-b756-4303-81da-2ea65dc8c39c,Immanuel Health Services
db6d8de5-3b9f-4a9d-ad5e-f6386a548d23,Summitt Home Health
1531075f-6633-45d6-a3a3-8b1af68499a9,KBS HOME HEALTH
085826bd-817d-46d8-876b-818298a00c1e,"Tendercare Home Health Services, Inc."
82422049-e4b4-476b-8282-69c23208968f,Sunrise Home Health & Hospice - John Miles
49e7dabc-31e1-4917-a0b0-3a6d0b6babec,Ruby HH
909eb967-50f0-4e1f-a5d2-16c9bca9c8ab,Amedisys Home Health Care (0536)Murfreesboro
1c0aa8e2-b545-4443-b7ca-7b29e28e7523,Superior Healthcare Services
0e0df43a-6b43-4e66-9980-c404e41dae69,Together Homecare of Greenwood LLC
4f26ac70-6b1d-4208-9741-ee00377ad657,ESPREE HOME HEALTH
0b183ce0-c6d8-4ff1-bc5f-d76af44cdab8,Advanced Imaging Services Inc
5cd93a51-03ee-4988-862a-92a36ef94cc1,Sweetheart Healthcare
6fb393c5-351d-4662-b972-e5a2fc811ae4,Elite Home Health San Antonio
042c4c8a-765f-45bf-b402-73ba32a931e5,Texoma Medical Center Home Health
616dad85-0f09-423c-a863-a1bf9836b4a8,Worcester Adult Day Care dba Sarah Care
a342ec22-5a6c-4bf8-8503-b43bb6dd1714,Paradigm HomeCare Dallas
fba2630a-9cd3-400f-bbf9-52caaed5ecd2,Aspira Home Health
3dc10729-6d11-4ae5-8351-0d34c64c49bc,ANOINTED HOME HEALTH CARE
3debf6c9-145c-44ff-8986-0f13827fac4e,Theracare Home Health Of N Texas
03cc672c-747f-41eb-9552-2bc60ad6705a,Enhabit OF DFW (ARL)
0ce156e2-49d3-4bd8-aeea-3381ec1384f8,Guadalupe Regional Hospice
e934ee4e-6adc-421c-9fc1-69f4e2050bf1,Makavic Home Health LLC
7bd27592-3e80-4555-b964-4929083aff35,"STARCREST HEALTHCARE SERVICES, INC"
a4cd71f8-fe19-48dd-8bc5-1687e1dd9039,COMPASSIONATE CARE LLC
349b4bbc-b0e1-4cec-8940-75c629764ed4,Tmc Home Health Gainesville
53c76888-996a-48ea-82a2-d7934685c3c2,Committed Home Health Care
c7bf75d8-adf5-4057-919e-38c218abd6a3,Heritage Home Health Services LLC
eee6c056-b2f4-4e2d-b6d4-93ba85726a6c,Trinity Health And Home Care Services LLC
1c488326-beec-494a-953a-867b5c01580e,MIDDLE TENNESSEE ORTHOTICS & PROSTHETICS
93b12713-dd1b-4f6b-9ac2-a904e2a5e774,"Allied Home Health Care Services, Inc."
d58ee7e1-73ec-4b29-bbed-03af04b2a6fe,Kindred Hospice - IN
c62bd290-1a83-44a2-ba14-9231c691a2b9,"TREASURE LIFE HEALTHCARE SERVICES, INC."
6f576f57-3570-4eca-94ac-3687b843f124,Larris-Ify Homecare
ad57915f-9128-4b56-9e2f-a6704f859bbd,Vital Support Home Healthcare
5f8ef75a-58e1-4eda-b8d3-7ccf89080aae,SENAI HOME HEALTH SERVICES INC
46562a2a-2ad8-40e4-a706-397c38c4c118,Trinity Home And Health Care
830a9310-adcf-43f6-b506-931ecfb969ef,"Eminent Home Healthcare LLC, Dallas"
4cd5621e-f2a1-4c4a-9e93-c6e6e94b94f7,Tango Care
d7302f32-0afa-47d4-b249-ad9c7cef5469,"Transitions Indiana, LLC"
2a8a8630-9190-4d2e-bf77-098dd3067a24,Tango Home Health (P3 Use This)
50f1454e-a65e-464d-bdf5-f85439e5851e,NULIF HOME HEALTHCARE SERVICES INC
0841a14e-c516-4b51-9ab2-ad5997fa2a37,"Union Home Health Care Services, LLC"
a54353cb-1252-4aca-bf01-ef5be72d2fb2,Nexus Home Health Care
33b51cb2-f760-4907-968b-50c60523c483,Providence Home Health
085772e0-104d-4931-92fb-9afe4f0af146,The Home Health Team Attn- Michelle Helle
bd9b3251-2ed8-4278-a82c-93e9bb90cf4f,Your Healing Touch
731d02ce-9a19-4234-9d7f-c93ac07e240d,DIVINE CARE HOME HEALTH SERVICES INC
6b105d07-6bbd-4ba0-b00a-27916550f49e,Summitt Home Health
d70de696-359b-41c5-8fc0-fe3f54ee0152,Bradley Health services
176465e2-fa12-4c53-8ffc-8669649d5940,Ayur Home Health
bab4e10e-5bfd-43d1-afac-f58e6b24a4ed,"Amerita, Inc. Nashville"
83594243-9fb3-4e13-96b4-8919108bdf5f,Reskin
5b27f286-9e4d-41ea-a4aa-d9b793b3ca4f,Results Physiotherapy Murfreesboro
3fc6e844-98fc-4bea-8843-7ab58cf4c9de,LINCARE NASHVILLE(United Medical)
b3284335-9b08-4427-93de-d53b339c0938,Reliant At Home Fort Worth
5ccf7927-9d06-45ad-91ac-d76e6b7b79fc,"Expedient Home Health, Rockwall"
5fe55443-4c8a-4f0d-8d56-d98c0a36f1de,"Independent Home Health Care, LLC"
61fc9773-571a-4ecd-94cf-8f488b8ac51f,Onepoint Health Services
4496a77e-434c-488f-9e12-face0c44d06c,"Hoosier Homecare Services, LLC"
daf5e53d-57c1-457b-aa01-6c256a90fc29,Beacon Harbor Healthcare and Rehabilitation
2a75d22c-371e-49b5-89d1-480316a773ec,"Home Health Care Solutions, Inc. - Avon"
c67c2deb-daa6-473f-b937-36238ceb1594,Rotech Healthcare Inc-Nashville
af4196ec-a194-4368-bd3f-8095713b932a,Home Services Unlimited
037fc889-0e2b-48c5-b298-b904c8fb00e3,IU Health Home Care
cfe6872a-a9fa-4b98-adfb-3d5a701a20ff,Cantex Home Health Lewisville
e704beb3-b804-4781-b4e9-c383702719e6,"Oxygen & Sleep Associates, Inc. (AeroCare)"
1f8c82fa-0537-4848-8cc9-8aeb3d526aa3,LEGACY HOSPICE LLC Carmel IN
507bc9f6-89cf-4adb-b9e7-7de2214d37e8,"LIFE'S JOURNEY OF AVON, LLC"
f0df811e-9701-4355-afb7-a31a5ab6b4ed,TriStar Skyline Medical Center
c3e349d5-8a08-4292-aed8-d6922d617c9e,"Life's Touch Home Health, Inc."
c777412f-aaee-4630-a561-3b5399f1e516,STAR PT NASHVILLE
7741e686-28c1-40b9-a576-0d6967803a89,"LUMINARY HOSPICE OF INDIANA, LLC."
d057d02d-b9b7-4b2c-a765-93598cb95006,Amedisys Home Health Nashville 0506
6362403c-dc59-40f0-916d-3528839808b3,All Heart Home Care Murfreesboro
c0f5d6ef-ae7a-4f07-998c-138c633000de,ON TIME HOME HEALTH
1ba88b51-7c54-4e11-934c-76c97cb7c1a7,SunCrest Home Health Nashville
6eda94b3-ddcb-4985-b440-28248abad049,"STERLING HOME HEALTH GROUP, INC"
eed402db-ae17-4cdb-8548-a4bf1e555d76,"Rehab Medical Nashville,TN"
c2fb653b-380f-4e61-9fca-1c7192a12e5c,NHC Homecare Murfreesboro
07e757c0-7748-4210-810c-f9209a393329,RELIANT HOME HEALTH
24d115fa-37a7-41ec-a75f-bb1cac97ef97,Majestic Home Health - Westfield
2f3c309d-e739-4224-a24e-2728a1be0cd0,Lamina Home Care L.L.C
2b1916d4-c6b3-4db0-8405-5932076178cb,TRINITY HOME HEALTH
43219d54-8e1c-48a7-a29e-10194d5de9ac,Maxim Healthcare Services-Indianapolis
3124fd0f-1484-4cd1-b11f-74a0039b929b,Brookdale Green Hills
4861c71c-4f61-4203-8baa-9f57ffe6b8ae,PRECISION HOME HEALTH INC
df8bb75f-acb8-4a43-bbe9-76678fa9d993,Apria Healthcare LLC-Nashville
6598b35e-e7b9-4de4-b936-dcf7962989a5,Our Hospice of South Central Indiana
db1ee31a-09dc-4eba-a970-cb8e72d72ce3,ABASI HOME HEALTH
e97cd4f1-7055-40a1-a879-6e8e3455cbc1,Sunrise Health Services
c1df7760-b4b5-451a-9ad5-a168d429ee5f,DIAMOND HEART HEALTHCARE
8405b2da-a0d3-4a09-8338-3d3cd082b3be,Passionate Hands Home Health
8f148a09-7e34-4977-a456-efe20b501b5c,Whites Creek Wellness & Rehabilitation Center
06163e21-dbae-413a-8ecf-464a6707626f,Matrix Home Health Services-El Paso
538aafe5-b7b8-4a14-a76a-cf4cdbd122e1,Advanced Health Care of Nashville
b4b704dc-d7c5-4553-be86-127e6fe2d7cc,"HOMETOWN RESPIRATORY CONSULTANTS, INC"
73fbb66e-38ef-4b38-a6d4-7c604e81691e,Middle Tennessee Pharmacy Services(MTPS)
3543d2fe-fc30-419c-80a6-fc150f92505c,ABOUNDING HOME HEALTH
889f4fb9-7cc3-434e-b0cb-b1824c6eb4d9,"RESTORATIVE HEALTH SERVICES, INC. Prosthetic and Orthotic Supplier"
3ed18cba-389d-41cf-ba69-ef4a333f5e79,"Walmart Pharmacy in Madison, TN"
af48f12f-1aa5-40f1-a60e-57a61ade7904,MANOR RESPIRATORY CARE
d95542c1-04a9-4a00-a4c4-0f209a9ee013,The Arbors at Springfield Heights
34fef204-2d3d-4187-8d49-121acae62c00,"Care Of Excellence Home Health, Llc"
64cb3966-a99c-454e-befb-5cc382b61f27,"NICHOLSON THERAPIES, INC."
f6f77acf-b178-4589-bd37-1d942dc07227,HEAVENLY HEALING HOME HEALTH LLC
61c7ea34-bc08-4738-9dc4-0f4c97360254,FAMILY FIRST HOSPICE
1291eec4-a9f4-4149-9525-91b132c98f31,Apria Healthcare LLC-Murfreesboro
f72d4366-9fe7-4da1-a785-8b209a6d543d,Azza Home Healthcare Agency
76d0b303-92cf-44ed-9aca-841d280239ed,Tristar NorthCrest Medical Center
cb314eee-2bfa-4aa0-9f5a-82ad1e639c2e,"EdgeLife Healthcare, Inc"
26576aef-690b-458e-998c-85f739aff8a6,Help at Home Lafayette
2e273280-89e2-4777-be24-e14302362d11,Nurses Care Home Services
a7e74eb8-1a6a-4638-a5c2-91f265747862,Aveanna Hospice – Springfield
06379fc5-3a53-47cf-b51f-efe74b7dea09,Cloudview Home Health Agency
e77a9933-df25-4472-b882-eb7c663581cd,"Excellent Healthcare Services,Inc"
73e94a50-a535-4a6b-99d4-c72bdb6b2ecf,ELP - Enhabit OF EL PASO
5a8a5093-89cf-4a5b-a885-63ee1abbdd8f,GiftedHeart Home Care
8b1dedb1-9974-4471-86f3-4e7ba001c1b3,Fox Rehabilitation Cherry Hill
302fe165-0181-4059-aa83-9d2afb0cd225,"Freedom Hospice, Inc"
392ff4fb-21b1-4d45-8298-89b7c01898e5,Golden Age Home Health LLC
321fc125-bba6-49c9-9199-b29434b990a7,Golden Care Home Health Services
fb7dc07b-743c-456b-a19e-daaba0159795,Golden Heart Health Services Indianapolis
1e8439d4-26f0-4795-a0ba-63fa0588822a,Good Hands Home Care LLC
14e1b4da-daff-452b-b51f-c9469b3ae815,Physicians Homecare
0dcfe2f3-ebe1-43c0-a89a-5621dbbecc61,Premier Home Health
07d66a65-d71b-4359-a23d-2256a4d92366,Preferred Choice Home Health Care Inc.
c34a7b67-c8b9-4441-88d4-7f6dec1d470a,Purpose Care
6894b1b6-4161-4d88-9689-d001960e14c3,"Quality Comfort Home Health Care, LLC"
c2dd2adf-174c-4fba-9f26-7e3d6207243f,"Select Home Health Services, Inc."
aa441c3a-51fc-4739-91e6-a9c6028718fb,Servant Home Health Care
7833b8cd-6ea8-4c09-aa03-1a4f2e910b30,"St. Croix Hospice Indianapolis, IN"
c3cae82a-9e45-4a13-ada9-3d5e4a32b928,St. Frances Home Health VNS
0bcbbb30-5bb4-4ad7-b0a9-46bcdffab1f6,St. Vincent Home Care - Indianapolis
c8232763-8154-45df-b7ac-c910592a0cc9,"Stay at Home Health, LLC"
e297a97e-8bc8-47c8-8f33-19677741bc33,Suburban Home Health
80b2633b-6c0b-497a-bffb-48672944e8e4,Elara Caring Home Health
2078c551-d9b7-4944-84b1-093d27c447dc,Apex Home Care
54d63192-a99c-4bc8-8b11-4a3ea6025ad7,Our Savior Healthcare Services INC.
f0f93945-ad33-4441-b8a4-e1cd48f285cc,Careplus Home Health
cbf3d27c-f348-4bcf-a469-fcbefa074050,A New Day Home Health Inc.
6898e00a-3d35-4abb-995b-85c421ba7408,Alfred HealthCare Services
f969770f-f3d9-4b66-8a3a-6ea01d1ada28,Trinity HH agency
6b80e210-b6fb-4ca2-ae65-2e0c68c9b00f,DIRECT HOME HEALTH
2ab93b6d-4a56-4dcc-bd65-02c52c2a6c13,ANNCARE HOME HEALTH
cb9f7410-4b59-4db1-b32b-3cecc284ff87,Family Nurses Home Health Agency
fbe97a23-c6f7-4275-b60f-b17335e494d5,RESULTS PHYSIOTHERAPY
82d3683f-c3b8-450d-80a9-48b612d9ea70,Performance Therapy Institute - Brentwood
519afc4f-7778-4e1a-a26a-d83fcedba9ea,Optum Infusion Pharmacy and infusion suite Franklin
26fcbd93-0d15-48cc-abb3-7a356502ea10,Guardian Hospice of Nashville DBA AccentCare Franklin
e1123112-8018-4095-87ca-b110d5d84b8d,Team Select Homecare of Evansville
e8331d62-036f-4e98-ac34-ae1f917a3a29,Compassus Hospice and Palliative Care-North Andover
d5a96bf2-b8d1-4d03-8a2a-103eff97c4d2,Concordia Home care and Nursing Services LLC
3d70addf-98f2-4173-8daf-b19900498733,"Diligent Personal Care, Inc."
d5f33965-b48f-4da5-97a0-964911868e12,Elderly Home Care Newton
aa2027eb-cccb-4569-b4b9-42ba4608c52f,Elite Services at Home LLC
43029a9f-f281-4c2c-91c2-8071929ed672,Family Care AFC
f3600bf7-51c0-4dfd-ac20-631f62fd2d7c,Focus Home Healthcare llc
67f4b13a-07ab-46b7-89c3-9590c18e8ecf,"Freedom Home Care Services, Inc"
a7f9eb6f-2b90-427b-9131-cb3fe91e152b,GOOD HEALTH HOMECARE LLC
a85c2c9f-fbee-470e-b006-5a607ec7965a,Good Shepherd Community Care
a3bbc164-9e2d-40e7-ae78-b07b0c916aae,Greater Boston Home Health Care LLC
35218c29-d45f-4e4b-bd3f-97ec54f37ba1,"GREATER HORIZON HEALTHCARE, LLC"
c84a27f3-00cd-4020-919c-1ad7190d088d,Guardian HealthCare LLC-(891 Centre Boston)
b6d432c6-7c7d-4847-8bce-1f4867456db8,Hekima LLC Adult Foster Care Services
c3c931b5-1114-4d80-bc84-2f26564537cc,STN HH
6699f1ed-3a24-4e0e-bdb0-3821ab34af0c,Highrax Homecare LLC
7bebe1bf-fcc1-49cc-9183-f1f10dd6e2f7,Holistic Home Care Services
7e2fc9e4-efbe-4e58-a1a0-755f9e872e94,Prestonwood HH
a7e61187-8ed4-41bb-9bf1-c1baff102777,Home Away From Home Adult Day Health
4946dba7-ec3a-4917-ba0a-632b1d0cc0f2,ENVISION HOME HEALTH
19532d13-6ce7-4376-96bf-9856f39d6ead,LS Healthcare Services
60c74b9e-f946-4cfc-8825-4dbcefd8a332,New Heights Health Care
7197d4a1-665b-498b-8b4f-7febf085266f,M&D HOME HEALTH
544dd1b1-7996-4202-a6d1-baa77cdb85af,Home Care Delivered Inc.
657e2a66-9441-4772-b7d0-2d191067a046,HOME CARE NETWORK
ee8cd44d-c3a1-4173-8c64-31f64f31b587,Home Health and Hospice Care
0d2f2340-6598-4050-8ca6-ca0939dc19a9,Anointed Home Health Care-Mesquite
649555dc-53df-45d3-a336-0fa40c60f82a,"Allied Home Health Care Services, Inc."
75ce4647-aa4a-4d81-a57a-d4eae88fc136,RITE TIME HOME CARE SERVICES INC.
8b3e812f-6f22-4199-aec3-2a50a347cd09,Right Care Services Inc
557ed78c-e417-4be8-b37d-6c2cb4e45a51,Prestige Adult Foster Care LLC
c726294f-f6a0-4db2-abc0-5e983776304e,PREMIER SERVICES AT HOME LLC
71ec4550-367a-4331-8875-52af5d7894fc,Colorado Springs
79bde7ec-4dc4-42f2-8277-f5c1efe117e2,Adalight Home Health
2d189030-4da2-40b5-be3a-51d6adf34859,Changing Seasons Home Health Inc
55ea35bb-de68-4439-8d06-a34768b35ebd,"Calvert Home Health Care, LLC Lubbock-CAL-LUB"
37a6e5e7-cd16-4de7-970a-6b43a5c1e44f,"New Vision Home Health Services,Inc"
771a9724-bb3c-495d-86cd-0f076b86c4fb,Novel Home Health Agency-Dallas
0c534ce3-ece0-4b0e-a02c-7dfe303a3653,Agape Home Healthcare
c3aea87f-8480-4545-923a-deeaa7c9da3c,V-Care Home Health
01624b4b-b332-4764-80a7-e5197e837819,Imanuel Health Services
05cd0e7c-5bd5-407c-a5ac-1a7f97ccdf1c,"Beriter Healthcare, Llc"
af2de80d-5b17-4f88-8a12-32f716055ef7,Hope Land Home Health Care Inc
ff63ab47-1635-4758-ad65-a10ad8dff33c,"Texas Prime Healthcare, Inc"
2a1ba29d-1fed-4097-94bb-473be82f75a1,Divine Home Health Care
bf632f6c-1b6e-476a-9975-350e40071b02,GLOW HEALTHCARE SOLUTIONS INCORPORATED
55170aae-1729-4a72-ba4e-377ffc3fc077,Amber Home Health Care-Irving
9dbcc80e-5f69-417b-a5ee-3461b77fc6cf,"STN Home Health Services, LLC"
62f32551-183a-4037-8444-4e66c876f8d5,Renew Home Health-Fort worth
ab6557d1-5fe5-48b8-a286-b4da38bffcf5,First Choice Home Health Care-Duncanville
c91d34bd-ca84-404f-891b-da87d43c8f22,Breeze Home Healthcare
5d2c4894-2f71-41aa-89c4-751d8852737d,Pristine Home Health Services Inc
9b1a8359-5266-4746-931b-0f4399c1627d,Citywide Housecalls Lab
8da9e34c-a38a-4a51-af21-1dc2c2a3ede9,Divine Home Health Agency
c7ad0c58-2a1d-45f1-9944-41b083d35b86,"M & D Healthcare Services, Inc"
a4db627d-fc02-4c1a-9beb-2d2641aec518,"Direct Home Health Services, Inc.-Mesquite"
3bb035a3-41c9-4d4d-9ae8-149dede3136f,Envision Home Health Care
6e2d6069-54ab-41ce-afc3-8898bd34956a,Keystone Healthcare Inc
5ec45a8c-775b-46eb-9a41-46457c4d81ca,"Jcare Home Health Agency LLC, Grand Prairie."
99bbae7c-4eb9-4bc7-aacc-ef9ffd09a26b,Interim Healthcare Manchester NH
9afc4178-960b-4f64-88ef-ad0940bc0f4f,Joy At Home Care Inc
6e6a4a3c-7203-4f98-9636-3da5c14f1d2f,"LOVE AND MERCY HOME HEALTHCARE, LLC"
2d13ad7a-4d02-46f4-afb4-1ee502daecf8,MARATHON NURSING
b7b9d734-3e8a-44c0-b60c-80fbb2e0d231,"Ideal Health Care Systems, Inc"
600bb287-7a98-4240-8e31-3d8320373335,Incompass Human Services - Chelmsford
bb91f521-bff7-402d-9ee1-ab84824cceec,"NILP, Northeast Independent Living Program"
4e474b64-d447-4ed4-bb32-25c6008763a2,International Health Solutions Brighton
966b7dfd-a3ad-40b7-a5bf-299537f0324d,Oasis Home Care
30c9cb67-11e1-4427-a31f-9ab20d1006c0,INTERIM HEALTHCARE SC-HH01 - Greenville
5066cfe6-ac9f-421b-9ebc-f6d94f0f72ab,Regional Home Health Services
c739b26c-56ac-435a-8e36-49835b106cd1,Providence Home Health South Carolina - Rock Hill
d460cdd0-64de-49a9-a000-5f198a72f83c,Fox Rehabilitation Services
72e99802-e16b-4fae-bcdd-5f8b46c46d30,Amedisys Home Health - Chester
7753c8b2-6969-4166-bcb8-f9fbb1c0d834,CenterWell Home Health - Rock Hill
d16f2da2-69cb-4c57-928b-aa933aae5e11,Adoration Home Health - Rock Hill
20fe19cc-ddd3-4e33-980f-592e5d91d7b1,Amedisys Home Health Care (4410) Fall River
0d88d70b-bee8-4e0b-a1f7-7f71c18bd20a,Home Care of Lancaster
ad0e64d9-cf56-4c38-855d-89fb66f641bd,Amedisys Home Health - Rock Hill
3014f63f-5f96-4fcd-9e54-66ad56a2651f,CenterWell Home Health - Fort Mill
bc25b8f9-5ef0-46f5-9591-44746074d772,AMEDISYS HOME HEALTH GREENVILLE
8ecd742f-95a0-4722-bac6-863b7adcf868,CENTERWELL HOME HEALTH - CLEMSON
f7dfbac0-b969-4630-b840-13582c41ddc4,"Revo Rehab, Inc."
801f2015-d48c-43a1-8b1a-3e8dd1a7d2ea,FYZICAL Therapy & Balance Centers
4419fac7-02f4-4cbf-8668-e57665ebb5e4,Prisma Health
79998662-edb2-46b0-9ebe-bff1d5ff9245,"Atrium Health At Home York-Rock Hill, SC"
5eb53858-beb0-4780-a72e-cae3cc9359d0,Ascensia Home Health Inc.
947c88af-d8b8-4add-a9b8-929749cf9fc6,All about home care home health- Tignish
7b45bfe3-64fc-4cc2-a41c-70348b7b21b8,CenterWell Home Health
a424ac23-96bd-4e3f-8554-d6768fe6ac15,white orchid hospice
4bab4a8c-27dd-4370-929a-97c753d52862,RESOURCE HEALTH SERVICES INC
7ebe2b6f-874a-4d00-a346-2f98a9457ddd,Tricare Home Health Homecare
fb754158-ea0b-48be-bc86-4aceef785f1f,Elara caring - San Antonio
b6b8472e-3fa7-4c5b-ad45-a8e4569f6031,Option Care-San Antonio
926fb05a-caa3-4ae7-a8d3-932f4817a1ab,SUNCREST CLARKSVILLE HOME HEALTH (PREVIOUSLY TENNOVA HOME HEALTH)
7be8c951-617b-4313-ac03-a36d202bfb20,SOLARIS HOSPICE INC
f1164a3c-b052-484c-9fed-8907774e29aa,AccentCare McKinney
1fa4cec3-20da-477d-8ed8-793507714d23,Complete Home Care(Palm Beach County)
c9920e55-d194-4cfd-b971-0c024a6f1e12,1st Care Home Healthcare Services
d3bb9387-eae2-4ce9-a0a9-b5004e8f9cec,Accolade Home Care–Round Rock
3916ed31-752a-4798-aa89-507a50ee3d7a,The Masters Touch Home Care
aa4a477e-e0e3-4a8b-b076-fc61c9c855f6,Together Homecare of Indianapolis LLC
631bc1ba-2a1d-4421-8f60-9705986f7f17,Adaptive Nursing and Home Healthcare - Columbus
0d4bacda-e2c2-4b7b-8b79-84732795a66d,"Top Tier Home Health Services, LLC"
feb78b4f-d112-4cc4-8b44-4816effb679b,Amedisys Home Health Care
aa25cc25-dfb8-47bc-9eab-19eb7d277d42,Traditions Health-Indianapolis
d811845b-4ba3-4095-998e-b60a7f5f7131,Vertical Home Health
91b81892-1178-4c35-aa63-391c344f54b2,Harmony Cares Home Health Indianapolis
43c80e77-1577-48c2-957f-2fe53e89d4c1,Amedisys Home Health Care (1824) Bloomington
3d3b7801-f9de-42cd-879c-7d91ce37d7d5,Amedisys Home Health Care (1874)Indianapolis
bbb84360-1b6a-4d61-96bb-04eb33a52b94,Brightstar Care
b80b666a-9b91-47c3-910d-6cb80a4f6243,Anchor Of Hope Hospice Indiana
d751e75e-94ba-4cc7-8d1f-ee09bf46e3ac,AseraCare Hospice-Carmel
4d603639-3328-4bef-b89b-18ccbd2a7836,FTW - Enhabit OF NORTH CENTRAL TX.
7b08f72f-183a-45ec-89d5-bc647742805b,BUR - Enhabit BURLESON
dbfa6adb-2963-420f-9664-65f33547cac0,Summit Home Care Columbus
7fee7ed1-6896-49c9-9006-3e2bd53046fe,ComForCare Home Care-Fort Collins
6ddb70a5-92a0-420a-a94b-55d5e97566ff,Legacy Healthcare Services Vantage At Ci - Fort Worth
d0d4e854-22d4-4783-ada3-1f3bce9c1b0d,ComForcare Home Health
3e43e43e-66de-4f2a-8369-f1dc8f06da8c,"GREAT CARE HOME HEALTH, INC."
1e99d6d4-8a99-4885-8f83-57089bec984c,"Allstar Hospice, Inc"
d563c0b5-8b03-4524-800a-7ac8a1524b98,Heal at Home
4723c4c2-147c-4481-bbfe-3cbd5e29a004,WKM HEALTHCARE INC
60c644fc-f45d-49ed-9793-c0679b5790fe,Victory Five Healthcare
4b50d2b1-11fc-46f9-b727-31dea1cb3fe4,Theracare Home Health - Lewisville
0d6c2010-abc7-4eff-aa2e-2e3a36332c33,Help at Home LLC - Indianapolis
cad12c64-2619-4461-8193-e134934d5338,Sunrise Home Health Rockwall
a4b29613-e401-4d1d-bf9e-39efdd314daf,Independence Home Health LLC
99759ab5-3c52-4b2d-ad09-ebf516d6775c,"Noblecare Home Health Services, In"
1ed58025-ed00-4f1a-bccb-61ec766c697a,"Nexus Home Healthcare, Inc"
fd24da04-7ba4-4e98-ac81-e5023979719a,Sunrise Home Health Service - Bedford - TX
8195bcd9-a1c7-4970-bb3c-e27f49d376a7,DFW HOME HEALTH ARLINGTON
d3c07ec6-e99a-40bc-915c-068adb154021,Mission Care Home Health Services
e275d17a-8da9-45b4-8559-004325c10008,Cedar Bluff Assisted Living and Memory Care
a5aed963-3d7c-4356-a5a4-6cab93857a4e,INFINITE CARE HOME HEALTH WAXAHACHIE
76325c9d-37fc-4e2d-92f6-6e3bb3664d91,"LUCENT HOME HEALTH LLC, RICHARDSON"
b658945c-cabc-4803-ba28-2cc406dcb640,Legacy Healthcare Services McKinney
a266b6c8-5ebe-4349-9e30-39116df36b2a,"Home Care Network East, Inc."
87f38a51-80d2-4b9e-80ab-b462f21161fd,GUARDIAN HEALTHCARE (RICHARDSON TX)
8b1bd7dc-49ad-45fa-91e2-98e150588eb7,"Solace Home Healthcare Agency, LLC"
48f45743-10bb-4917-8e5f-d5d8843a8318,Sterling Care Home Health Agency
2ec35807-10eb-4dfd-a058-86bfc5d42f92,Interim HealthCare Columbus
cd5a2f74-df24-48f4-99af-53676de0f4a2,Legacy Healthcare Services - Shelbyville
974ece31-2027-4e0e-bc7b-e97ca2be657f,"Legacy Healthcare Services, Inc - Camby"
36f2e0c0-efca-40db-a84b-5cca94df70f1,EmpowerMe Rehabilitation St. Louis
04828815-6972-4626-b3cf-bf60f00d73c6,Classic Home Care
13f252a6-33f7-4cc2-baf9-afe0bc4e451a,"Aquinai Home Healthcare Inc, Frisco"
2e87e571-3570-4dd7-9dea-d2edff2de49c,"Ebenezer Home Health Care, Mesquite"
84eea372-70fb-41fa-9f4d-98024350eb1d,Elara Caring - Greenville
f12aff52-0221-42d5-b2e9-a5194c5fd215,First Call Home Health Agency INC
82818f45-971c-4bb9-80df-5e53df710b0e,"Glow Healthcare Solutions, Inc"
eb886171-ae53-4cda-8a86-6594b953636f,Medsource Health Care System LLC
ea110880-4ceb-40c7-bb44-10010eea928c,His Grace Home Health
62a419ed-1106-4a57-8fa3-3b33afafba3f,Rehab Without Walls-Irving
d3d42c5c-b9e7-481b-b9fe-874ef00503b9,Absolutely Angels. Inc
3f875cd7-c9a1-4164-956d-680b36388f41,Aspen Healthcare Services
c2f37d81-f813-45af-92dd-fc9b44fcfeef,DFW HOME HEALTH-DENTON
bcae8855-ef73-4b9a-af51-c9506ed8d244,"First Rapha Home Healthcare, Inc"
9dbf29e4-5de4-43c1-9ad5-5717ef8dc198,Home Care Network(HCN)
15efc240-bbac-4c55-bda2-8be264dfef11,Merit Home Health Care Inc.
6a2f6bf3-6f7e-472f-902c-9ebb8acfb643,Vista Physical Therapy
a286c558-322c-4859-9c83-a5ee5f13ec71,My Centric Home Health
4b17015d-5512-4538-a16c-5ec3244a0d1b,AAA Home Healthcare Inc.
5fc0f1e0-46dd-4ef4-9413-3d691cbc1d28,New Heights Home Health - Arlington
b70bc737-0230-449b-b8f3-69e874fd0074,"Performance Home Health, LLC"
2ac8d51c-e32c-46ef-b409-a421d5e63bc7,Classic Home Care
c2a8523a-fdba-4cee-8915-fb30f25e6932,PAL - Enhabit OF EAST TEXAS (PAL)
ed6e79d8-5bdf-4454-8377-dc4c2306bdfb,Almighty Home Health
9580292a-36c3-48d4-98b6-d83c85612a48,AccentCare-Desoto
e92f9bb6-707c-4564-9921-78fe52b269d0,Accentcare-Waco
671a787c-dd43-4bb1-bf64-29805b6960e1,KOC Healthcare Services Inc
79a241f3-5990-4835-b9a5-0550914e21c8,Amity Health Care Services
9d946453-2d9e-4a3e-bd19-86dd1b2c64a2,Angel Care Home Health-Fort Worth
084b9856-0eca-4e83-ad43-1c4982c40a27,"DISCOVERY AT HOME IN TEXAS, INC"
ee748369-b5af-4095-8d89-e1f2c4c5852d,AKM Home Healthcare
4e17f386-88e2-4adb-bdc0-47c60f9163f8,Angels Care Home Health Gainesville
208f5405-d7c3-41fc-8467-7e54658d4212,NATIONAL NURSING AND REHAB SA
8f21175c-5825-403f-b088-8bc528882849,Amedisys Home Health Care OKC
44d93e7a-e283-4a4f-90aa-5cf0e579b986,Branch Healthcare
680c9214-58f1-4e0b-9895-e042e0857803,Cordial Care Home Health Services.Inc
126fec62-bddd-4cca-92fc-457daf11cb95,"Maranatha Home Health, Grand Prairie"
d92837a8-9f33-4c88-a9fe-b6ed3be6d7f4,Salus Home Health
92186f93-832b-42c8-ae69-855fe2845a3e,GILEAD COMMUNITY HOME HEALTH INC
c63a84f2-a0d2-4d98-b195-529c8a8bc38c,MCK - Enhabit OF NORTHEAST TEXAS
123cfb17-a3ef-4367-b080-64f42473594d,"UNN Home Health Services,LLC"
e1fd28ff-77b5-4472-9cca-6cbdffd5a596,Cuddle Me Home Care
0933f49f-0564-44d1-b222-de58c7d5640d,"Libbys Health Care Management, Inc"
4a608535-339c-4da7-9baa-d9230f840108,ELARA CARING IRVING
34d72718-60e4-4061-ab5e-3380fea5ba65,Kindred At Home-Corsicana
b5334fed-efbc-4e9b-8350-afd48c98ccca,National Nursing and Rehab - Corpus Christi
1328dfd2-ea79-49d0-aaa4-39334f61e8e2,"Haven Skilled Services, LLC"
cb6f811f-8b60-49a5-ada8-e4e941e8fccd,Frontview Provider Services Inc.
64668b0b-6cc6-4215-9b27-e574c10bf652,Gideon Healthcare Group Inc dba Angel Home Healthcare Services
1e4ffacd-ed19-4ffb-81b2-b2695ad97031,Home Care Providers of Texas - Dallas
c6626316-54be-41a7-a094-39f7dc0e92bc,senior rehab source
cbc7fe8e-d450-40b8-8071-6649291c3b8e,ELITE HOME HEALTH - HOUSTON
62990d93-c15e-47a7-a9b4-6618a4f1af59,carter healthcare vinita
ad179162-0859-443e-9347-49c05c1fddaa,Golden Age Home Health - Oklahoma City - OK
fbbfa583-b88b-4394-8736-c03cf0f74c78,"Cherokee Nation Home Health, Tahlequah"
4b9325c6-7997-4697-9621-a8fe892d1fc7,Loving Care Home Health Stratford
01354b4b-785e-4fd6-98fb-0018ec9caf54,Abiding Home Health of Oklahoma City
5e574c2e-0cce-4a02-b213-a8bfb5f6c61e,Total Physical Therapy
dae92b53-d2b6-487c-9136-ef79028c6f83,HERITAGE HOME CARE INC-Eufaula
64edb1db-4f85-4f64-874e-57318df8d07e,SSM HOME CARE OF OKLAHOMA
a2a92b03-551e-4b07-bc2f-fa9a5429fcca,Texas Residential healthcare services
7baf3185-bdef-455f-899b-52ec34e66dca,Loving Care Home Health Yukon
b3e289f1-1ddc-4103-a22e-55c046b12335,Elara Caring - Purcell
94f49dc8-9317-4e7c-b17a-dca067c73158,Elara Caring - Durant
ebd62549-6c30-4765-b8bd-d233f19aab56,"A Path of Care Home Health III, Inc."
d43f8007-aa54-4df5-ba6e-64cbd4354ea8,Choice Home Health-Enid
8c45da73-7813-40a0-921f-a8490d374ec6,Angels Care Home Health - OKC
30b6b346-e675-4df5-bd01-93135c95c7c0,Providence Home Care LLC.
38e14131-f6f8-4a70-9bd6-08e82f8b3a6d,Progressive Home Health Inc
6ff55a7a-fed7-4846-8785-090f9765cb63,Oklahoma Healthcare solutions Westville
d54f1df4-1625-46a1-8de2-c9e643c0239d,"Best Home Health care, Inc-Chandler"
d556ddc5-1b7b-4435-a6d7-5d2e8bbee1ae,Alliance Oklahoma Home Health Oklahoma City
347f4c08-2aa5-40e9-90ee-aea833c51105,Amedisys Home Health of Claremore
ec19d1e7-28cc-4b06-894f-005fcac1ec24,Amedisys Home Health Care. Fayetteville AR 2509
213e9ec5-bb29-4c50-ab6c-a3aa09bb098d,INTEGRIS Home Care of Oklahoma City
035a0150-9922-4f55-9251-de1e5500d1e3,Phoenix Home Health Agency.LLC
5c09347f-c177-4334-b5c1-715be5f129ac,Shepherd Home Health & Hospice LLC
1545af0e-95c6-477c-8b91-31dae0e15e46,Ideal Home Care Ardmore
da9b94b4-708a-425d-b515-ae2c0772ea3c,"APEX HOME HEALTH,formerly FRONTLINE HOME HEALTH, INC"
001e834e-7c52-4961-a82b-faabbbca2779,Mercy Home Health-Oklahoma City
f413ed03-df51-4e6e-9e67-a0b0d74e3c34,Jackson County Memorial Home Care
d16aba4f-f299-4040-83db-b8cd5f1cd3fd,Loving Care Home Health Purcell
05c272ff-6d16-48b7-8b19-99410ffd4512,Mays Housecall Home Health Ardmore
1cd49d2b-c5a9-429a-9a13-5fbdd532d7c7,Mays Housecall Home Health Durant
8cf8e0ae-9f4a-415b-842c-82e69785b8f9,Victory Home Health Tishomingo
36ec097a-fd54-4d09-a633-6e1e2e0cf7c7,NOR - Enhabit OF CENTRAL OKLAHOMA
a8782b48-e648-453a-8032-72fb26445201,Victory Home Health Kingston
ee7f7fba-41df-4ae0-a93b-e15f82fb43ac,OKC - Enhabit
26eb1152-fcbf-4c67-a246-913abd465315,Loving Care Home Health Lindsay
fb550dde-6ce6-4805-a06b-59d123ffe116,Enhabit OF CENTRAL OKLAHOMA - ARDMORE
dfc16bbd-0db6-4014-8309-5849f94849d1,A Path Of Care Home Health IV COALGATE
24dc64ae-e552-410f-8f6e-de46a644ec11,Grayson Home Health Inc Durant
95fdaf76-3c54-4439-bbba-451513f54569,A Path of Care Home Health IV HUGO
c86fc8ae-2ea4-4e6f-ab5c-95277e06552a,Mays Housecall Home Health Idabel
fd97c2d9-fa4c-4110-ae5b-24ed510c9cb2,Ideal Home Care Durant
73934ec2-6ea0-46af-ab93-9cab0a7832f1,Harmony Home Care II Piedmont
0bcf4cf4-3037-45ef-b972-ad049784a546,Choice Homecare and Hospice
662a8e14-b500-4b10-91ab-da4b406b1e71,Harmony Home Care Seminole
14a073de-9282-441e-86f6-a24c2fbc6357,"CHOICE HOME HEALTH, INC - Tishomingo"
618721d7-3adf-4e36-bc80-ff14a626a9cb,ADA - Enhabit
4be2c70a-aedd-48ce-8559-e3325bd450a5,Alpha Home Health-OKC
ab8261b8-3953-4eb7-b8ad-542b79104186,Traditions Home Care ADA
d608cd07-8d07-42ea-8d61-c320c399b679,"A Path of Care Home Health I, INC ADA."
b45c4539-a679-460b-b800-53565d7db8fb,Mays Housecall Home Health Ada
139e36ae-8d18-4695-8d11-def342833d66,embrace home health
e83f517e-6fe8-4331-9be4-837193fbc6eb,"A Path of Care Home Health I, INC NORMAN."
10567efb-4218-4c10-80ab-c1339f4386f6,Centric Home Health-ADA
26eee419-99dc-4c27-8ecc-302345e00ca2,Brookdale Home Health OKC
f26eb6f6-9d88-4dde-9c3c-74108fea94e3,LifeSpring Norman Home Health-HH NOR
d53e7683-fd69-4a93-acc1-b7355d0b304e,Elite Home Care
aee74261-1a82-4881-83f3-1d8626d58070,Victory Home Health Ada
04b45f06-3178-4233-ae16-b37e4f586f57,Mays Housecall Home Health Hugo
e3506c8c-3b05-4d83-9549-7f80431bff4c,"ARBUCKLE HOME HEALTH, INC."
e54e4d66-dadd-46c1-a6a2-944e8ee92118,Select Home Health-Oklahoma City
96852979-1b4a-409f-881e-ce236f54d73c,BOS - Enhabit OF SOUTHEAST OKLAHOMA
96606356-b332-4569-9d73-27697556a627,Traditions Home Care Holdenville
1fb92cbd-4f84-41d0-a8ca-08213883459b,TRADITIONS HEALTH CARE OF TALIHINA
c2098915-760c-4dee-9857-f9b691015e3e,"Compassion Home Care, Inc-Spiro"
2f0099aa-81f3-4530-92ac-2dd5c751e3aa,Loving Care Home Health Shawnee
e41b0015-e7bf-4f76-a0af-bbbb63c66478,Mays Housecall Home Health Oklahoma City
391005b3-b44f-48e6-a357-b16b2aa4ef47,"Holistic Home Care Home Health,LLC"
7559d81a-e810-49f4-b0b2-7e3459fb4c9b,Rainbow Home Health Inc Antlers
44aa3577-9f8e-428f-9cef-2200122f190c,"Rainbow Home Health, Inc. Talihina"
6cfc39e4-f79d-4e79-8437-270585d75813,"Premier Home Health Care, Inc-Muldrow"
9e85849e-28c1-48b3-b97b-fa8aa51819e0,Physical Therapy Central Guthrie
d1a55762-fd23-47ab-8210-ddbff512f56c,Physical Therapy Central Norman
3f2cc6a6-a13c-49e7-9560-db32ea012f5c,Loving Care Home Health - Noble
5df5e586-4075-46b4-9efa-5a4e12a1d2d0,Victory Home Health Durant
8d2f74d8-5181-4f0d-910a-5abfa551d5a9,"Prairie View Healthcare, Inc., dba Excell Home Care"
dbe15b78-b598-4799-a5d4-7e39e6214f1e,"Angels Care Home Health, Broken Arrow"
5e5016ba-2ab1-4147-9a3e-953a1684c827,Centric Home Health - Shawnee
2fec74ac-7883-46a0-bd97-10e873809648,AristaCare Health Inc
36bc78c5-0d7a-482b-8a84-eb4ce7bccc3a,EnTrust Home Health
e1d15ef5-8948-47ab-a498-363aefe32bf0,Northwest Texas Healthcare System
696fb17f-e005-49cf-af8c-7c99dfc84591,West Texas Physical Therapy
e5e8988d-864a-45c1-800b-e6442ba7774f,Amedisys Home Health greenwood
02ba0bd8-f869-4aca-b18a-c807dc4e4d8b,Centric Home Health Durant
8f38e5eb-d84c-4e27-b091-3600a728aed3,NHC Homecare GREENWOOD
4553a022-92c8-49cb-898e-f99fc0f58ff8,Apex Health & Rehab
d097464f-f9ba-4df5-b4d0-48d648564046,Interim Healthcare Rock Hill
aedc0276-ff5e-4725-b23f-17257ab21367,Anmed Home Health
8fc7598b-42da-48e8-835f-de5acd5e9785,Oklahoma Healthcare Solutions VIII Durant
3ad9373b-e968-45cc-bb18-a9f5f492118d,ANT-ACCENTRA HOME HEALTH-SOUTHEASTERN
e1a1ae2c-adfd-49e9-bb66-660f952e4f06,NEWWAY HEALTHCARE SERVICES INC
9ddd8903-2b4a-4440-9f46-4dcc5b89d21f,Amedisys Home Health Care SAN ANTONIO
18219c2a-c71d-4b0b-8d8f-d297d1c4f4bf,iPow Physical Therapy
a60b8175-5fe7-42bf-9270-92544c1ee7cb,Amarillo Strength and Balance
3d5d80b8-bae4-42e3-9148-c4a9151508c9,American Healthcare Services-Houston
45913643-1d6f-4dcb-88cd-02417a40d8ef,mytest1a
d77886a6-505f-452a-831f-691dc0981e1c,Elara Caring - Ada
2655c3f5-dc01-4696-b235-c01a43eb5769,Southern Touch Home Health - Texas
ebe55fe7-a843-4dd3-8f25-8c8c33bb44dc,Ideal Home Care Healdton
a25bd04e-2601-431f-ac31-0f91ab0a6208,Care IV Little Rock
b73680d1-64fd-4f4f-9404-d3d2adcd8674,American Star Home Health Care Inc
75c43305-bec3-409f-a879-fefce9bd3f40,"Allstar Healthcare, Inc"
e46fdf18-09f3-4112-a207-74b143737ac4,CHC Solutions
08807fa0-08c7-458d-84ab-78435b00f93c,DTN - Enhabit DENTON
c88f48e0-3e05-458e-8737-e41ce827063d,Enhabit - ARLINGTON
03ce9d94-2d98-4c2c-ae00-0d971bc80cd0,Select Rehabilitation Bedford
60a504e8-3e15-45f3-a135-ff7c5b1fcca0,Alpine Plus Home Health Care Services
76708fd2-173d-4ddb-8fb8-a80462cd2c81,United Comfort HealthCare Incorporated
facfa07d-8866-4c43-9583-f1a9c131ece0,Select Rehabilitation @ Ariel Pointe of Sachse
c51c574e-a1e8-4737-a2c5-a67558d0c7a3,At Home Healthcare Canton
66e98ce6-fbe1-454f-80d4-9260df96cad0,MIA - Enhabit MIAMI
e4b2796c-87b8-44e4-8d7e-47ee4ffdc7ef,Available Home Care Inc
040119df-4d99-4753-af62-8a37a238eb42,Elara Caring - Shawnee
5a7d7254-3986-4c09-b79f-effba89cbd14,Ascent Home Health and Hospice DBA Cohesive Home Healthcare
01068b40-a779-4736-936b-f8d40809f397,FVB - Enhabit
288a19d1-7a0b-4de0-9c5a-d495d613957f,"OPTIONONE, LLC"
cee52eb2-a1a1-44c7-a7ff-bcbc4a7c76f3,Preferred Pediatric Home Health Care
7e4362d2-2d53-4200-845b-adbea27396c8,Lifeline Home Health
f1803335-7cb9-4e0c-b396-b064d8df62cd,Carter Healthcare Lawton
03eab924-2461-4188-bb7b-3b298fce2641,Interim Healthcare Oklahoma City
4983832c-f928-4ea2-8a81-51e240a27c9b,Legacy Healthcare Services at Macarthur Hills
f2c242a0-6eb5-4c4d-930b-bf8f4fb0f7a5,Three Star Home Health
d903e7cc-b044-429d-8ee3-aacb14d1fcf5,Complete Care Home Health LLC
b88d8e71-23fe-48a7-b09e-be6b1461b1d2,Elara Caring - Chickasha
d3ac3c2f-51ad-4a11-8e22-85e8346fd480,Stillwater Medical Center Home Health Services
feb7d6f4-f1a7-4642-a145-4436f10c7078,"Traditions Home Care, Purcell"
85dcc0d5-dccc-432d-896d-8e433479cd71,"CHOICE HOME HEALTH, INC dba COMPLETE HOME HEALTH"
1844d7de-dba5-4334-98db-10c4c794006a,CORP - Enhabit NORMAN
2fac02a4-ac56-482e-8df5-ca49d9033721,Carter Healthcare Ardmore
2b5a5986-84e7-4661-bfae-c0c39307ef58,"A Path of Care Home Health V, LLC"
bd105cd7-480e-4244-bc9b-7262d7747c4d,North West Home Health
3e2360ef-feeb-453d-8232-1eb0d0fd351c,Carter Healthcare Norman
0ed3aeec-dd17-44c6-8c82-296177a8d4ce,Washington Regional Home Health(WRMC)
b5865c18-75c8-4905-86ec-77e72419dc7d,CYPRESS HOME CARE
1286afbe-6085-4d75-a56c-5a3e7259fd06,Traditions health of Norman
997fadfc-d273-42c8-8da9-d65a33d2f197,Millennium Home Care Hugo
0eae1614-82c9-40f2-86f0-23e5d57f4f35,Oklahoma Healthcare solutions Broken Bow
8d29b2dd-d606-46ce-87d8-c5bc29147f65,First Choice Home Health and Hospice
5a58da37-bb3f-4224-b24c-d248230cf133,ALWAYS BETTER CARE
f8115ae2-ce73-4c98-8bb9-a1fa2b76a1a9,Quail Creek Physical Therapy
4d9660f3-3a1f-4161-85d4-b3810541331a,Fyzical Therapy & Balance Centers – Amarillo Western Crossing
5dd34723-8715-4e7a-83ef-fcc8c3c79833,Optimal Physical Therapy
a9590298-0d21-4a32-a20f-a08866b5aa22,Caregiver Homes
330f6197-8d10-4ce7-b25f-6c88b781898f,CARETENDERS-WESTBOROUGH
cb6cd0f3-247d-49c2-be35-8285965cf0dc,Caretenders-Wilmington MA
6b5523a5-e224-4bb5-b816-32b07bdaad20,"Ideal Health Care Systems, Inc."
bbe4dbc6-4895-4ea9-ba63-d7a3719f43b4,Middlesex Healthcare Service
1a2afe4c-e947-4855-a40f-613800c55d63,"TENNESSEE QUALITY CARE HOME HEALTH, DOVER"
d10e5a56-639c-4f86-95ad-174fbcd1455d,Purpose Home Health Anderson
a92e0f1e-3c0f-47e5-8eea-601ec0c75cd6,Maxim Healthcare Services Inc
46d085b3-d88e-4d0f-8cf1-85ebdfcd6ace,PurposeCare – Lafayette
481c9403-c428-49e2-b96f-3fb98d67fc5c,Lifestyles Home Care
4904acaa-53ce-4ab7-9972-b1821f42d76c,"Lifespan Home Health, LLC"
fd9ff30b-91c9-4c86-ba83-12ff34456fe8,"South Port St Lucie-Kindred at Home, Homecare"
92620854-e0c4-459f-baf3-cfd38a65f76f,Reliant at Home - Plano
f4aaa1a8-6425-4b1d-8ebf-5e26b382047a,Family Care of Texas Waxahachie
c0ad079e-c28f-4f41-b3f2-c133f25e7834,test id
e6d7bdc9-8f59-41b6-86de-133d86f82376,test created
a4e8eb09-ea4f-475b-b7bb-fc6d828bc471,Canyon Home Care Denver
5a866de2-82f1-4a9f-b866-e87c44aa31e1,Testt People Dashboard
e11e50a5-8b6d-431d-bd82-a03e49974505,Legacy Healthcare Greenridge Place-Westminster
951748f3-fabe-422f-a120-e7730eec0b7b,Premier Pediatric Therapy
23e05d23-7540-4c7a-bcb3-be1adb675cd7,Blue Star Home Care LLC
0cd2b3b9-45cd-43b1-9fea-53fb4327f68b,Bridgeview Adult Day Health
27cfae02-483b-40d7-8652-d8a715079aec,Physicians Choice Health Services
fc46bfc5-45be-4376-8412-3bdcc1957162,Interim Healthcare-Houston
1076c3a8-0a79-41fa-a6fc-b5c02e2b9ae9,Solventum